CREATE DATABASE  IF NOT EXISTS `overgols` /*!40100 DEFAULT CHARACTER SET utf8mb4 COLLATE utf8mb4_0900_ai_ci */ /*!80016 DEFAULT ENCRYPTION='N' */;
USE `overgols`;
-- MySQL dump 10.13  Distrib 8.0.33, for Win64 (x86_64)
--
-- Host: localhost    Database: overgols
-- ------------------------------------------------------
-- Server version	8.0.33

/*!40101 SET @OLD_CHARACTER_SET_CLIENT=@@CHARACTER_SET_CLIENT */;
/*!40101 SET @OLD_CHARACTER_SET_RESULTS=@@CHARACTER_SET_RESULTS */;
/*!40101 SET @OLD_COLLATION_CONNECTION=@@COLLATION_CONNECTION */;
/*!50503 SET NAMES utf8 */;
/*!40103 SET @OLD_TIME_ZONE=@@TIME_ZONE */;
/*!40103 SET TIME_ZONE='+00:00' */;
/*!40014 SET @OLD_UNIQUE_CHECKS=@@UNIQUE_CHECKS, UNIQUE_CHECKS=0 */;
/*!40014 SET @OLD_FOREIGN_KEY_CHECKS=@@FOREIGN_KEY_CHECKS, FOREIGN_KEY_CHECKS=0 */;
/*!40101 SET @OLD_SQL_MODE=@@SQL_MODE, SQL_MODE='NO_AUTO_VALUE_ON_ZERO' */;
/*!40111 SET @OLD_SQL_NOTES=@@SQL_NOTES, SQL_NOTES=0 */;

--
-- Table structure for table `campeonatos`
--

DROP TABLE IF EXISTS `campeonatos`;
/*!40101 SET @saved_cs_client     = @@character_set_client */;
/*!50503 SET character_set_client = utf8mb4 */;
CREATE TABLE `campeonatos` (
  `IDCAMPEONATOS` int NOT NULL AUTO_INCREMENT,
  `NOMEDOCAMPEONATO` varchar(30) NOT NULL,
  `ANODOCAMPEONATO` varchar(15) NOT NULL,
  `ID_PARTIDAS` varchar(500) DEFAULT NULL,
  PRIMARY KEY (`IDCAMPEONATOS`),
  KEY `ID_PARTIDAS` (`ID_PARTIDAS`)
) ENGINE=InnoDB AUTO_INCREMENT=19 DEFAULT CHARSET=utf8mb4 COLLATE=utf8mb4_0900_ai_ci;
/*!40101 SET character_set_client = @saved_cs_client */;

--
-- Dumping data for table `campeonatos`
--

LOCK TABLES `campeonatos` WRITE;
/*!40000 ALTER TABLE `campeonatos` DISABLE KEYS */;
INSERT INTO `campeonatos` VALUES (13,'Brasileirao','2018','2068, 2069, 2070, 2071, 2072, 2073, 2074, 2075, 2076, 2077'),(14,'Brasileirao','2019','2448, 2449, 2450, 2451, 2452, 2453, 2454, 2455, 2456, 2457'),(15,'Brasileirao','2020','2828, 2829, 2830, 2831, 2832, 2833, 2834, 2835, 2836, 2837'),(16,'Brasileirao','2021','3208, 3209, 3210, 3211, 3112, 3213, 3214, 3215, 3216, 3217'),(17,'Brasileirao','2022','3598, 3599, 3560, 3561, 3562, 3563, 3564, 3565, 3566, 3567'),(18,'Brasileirao','2023','3978, 3979, 3980, 3981, 3982, 3983, 3984, 3985, 3986, 3987');
/*!40000 ALTER TABLE `campeonatos` ENABLE KEYS */;
UNLOCK TABLES;

--
-- Table structure for table `partidas`
--

DROP TABLE IF EXISTS `partidas`;
/*!40101 SET @saved_cs_client     = @@character_set_client */;
/*!50503 SET character_set_client = utf8mb4 */;
CREATE TABLE `partidas` (
  `IDPARTIDAS` int NOT NULL AUTO_INCREMENT,
  `RODADAS` varchar(5) NOT NULL,
  `DATADAPARTIDA` varchar(15) NOT NULL,
  `HORADAPARTIDA` varchar(8) NOT NULL,
  `IDTIMEMANDANTE` int NOT NULL,
  `GOLSMANDANTE` int DEFAULT NULL,
  `GOLSVISITANTE` int DEFAULT NULL,
  `IDTIMEVISITANTE` int NOT NULL,
  PRIMARY KEY (`IDPARTIDAS`),
  KEY `IDTIMEMANDANTE` (`IDTIMEMANDANTE`),
  KEY `IDTIMEVISITANTE` (`IDTIMEVISITANTE`),
  CONSTRAINT `partidas_ibfk_1` FOREIGN KEY (`IDTIMEMANDANTE`) REFERENCES `times` (`IDTIMES`),
  CONSTRAINT `partidas_ibfk_2` FOREIGN KEY (`IDTIMEVISITANTE`) REFERENCES `times` (`IDTIMES`)
) ENGINE=InnoDB AUTO_INCREMENT=4118 DEFAULT CHARSET=utf8mb4 COLLATE=utf8mb4_0900_ai_ci;
/*!40101 SET character_set_client = @saved_cs_client */;

--
-- Dumping data for table `partidas`
--

LOCK TABLES `partidas` WRITE;
/*!40000 ALTER TABLE `partidas` DISABLE KEYS */;
INSERT INTO `partidas` VALUES (2068,'1','14/04/2018','16:00',6,0,1,7),(2069,'1','14/04/2018','19:00',21,2,2,12),(2070,'1','14/04/2018','21:00',10,2,0,22),(2071,'1','15/04/2018','19:00',15,5,1,23),(2072,'1','15/04/2018','11:00',19,3,0,24),(2073,'1','15/04/2018','16:00',20,2,1,9),(2074,'1','15/04/2018','16:00',16,2,1,5),(2075,'1','15/04/2018','16:00',4,2,0,13),(2076,'1','16/04/2018','20:00',1,1,1,3),(2077,'1','16/04/2018','20:00',8,1,0,25),(2078,'2','21/04/2018','16:00',13,1,0,10),(2079,'2','21/04/2018','19:00',12,2,0,19),(2080,'2','22/04/2018','16:00',9,2,1,21),(2081,'2','22/04/2018','11:00',25,0,4,16),(2082,'2','22/04/2018','16:00',23,1,1,20),(2083,'2','22/04/2018','16:00',5,1,0,6),(2084,'2','22/04/2018','16:00',22,0,0,8),(2085,'2','22/04/2018','16:00',3,1,0,4),(2086,'2','22/04/2018','19:00',7,0,0,15),(2087,'2','23/04/2018','20:00',24,1,1,1),(2088,'3','28/04/2018','16:00',1,2,1,7),(2089,'3','29/04/2018','16:00',9,1,0,16),(2090,'3','29/04/2018','16:00',25,1,2,24),(2091,'3','29/04/2018','16:00',13,0,0,15),(2092,'3','29/04/2018','16:00',5,1,1,8),(2093,'3','29/04/2018','16:00',22,0,3,12),(2094,'3','29/04/2018','16:00',3,0,0,23),(2095,'3','29/04/2018','19:00',4,0,0,6),(2096,'3','30/04/2018','20:00',19,2,1,21),(2097,'3','27/09/2018','20:00',10,1,1,20),(2098,'4','05/05/2018','19:00',20,4,1,19),(2099,'4','05/05/2018','19:00',8,2,2,9),(2100,'4','06/05/2018','16:00',6,1,0,1),(2101,'4','06/05/2018','16:00',15,1,3,3),(2102,'4','06/05/2018','16:00',21,1,2,5),(2103,'4','06/05/2018','16:00',12,2,0,4),(2104,'4','06/05/2018','19:00',24,2,0,13),(2105,'4','06/05/2018','11:00',16,1,1,22),(2106,'4','06/05/2018','19:00',7,4,1,10),(2107,'4','07/05/2018','16:00',23,1,1,25),(2108,'5','12/05/2018','16:00',7,0,0,4),(2109,'5','13/05/2018','11:00',6,2,0,24),(2110,'5','13/05/2018','16:00',15,1,2,9),(2111,'5','13/05/2018','16:00',23,3,2,12),(2112,'5','13/05/2018','16:00',13,2,2,8),(2113,'5','13/05/2018','16:00',20,2,3,21),(2114,'5','13/05/2018','19:00',10,3,1,25),(2115,'5','13/05/2018','16:00',16,1,0,3),(2116,'5','14/05/2018','20:00',1,2,1,5),(2117,'5','14/05/2018','20:00',22,2,2,19),(2118,'6','19/05/2018','19:00',12,1,1,20),(2119,'6','19/05/2018','21:00',3,3,0,13),(2120,'6','20/05/2018','16:00',25,0,0,7),(2121,'6','20/05/2018','16:00',19,1,0,1),(2122,'6','20/05/2018','11:00',21,2,1,22),(2123,'6','20/05/2018','19:00',5,2,0,15),(2124,'6','20/05/2018','16:00',8,1,0,10),(2125,'6','20/05/2018','16:00',24,1,1,16),(2126,'6','21/05/2018','20:00',4,3,0,23),(2127,'6','19/05/2018','16:00',9,1,0,6),(2128,'7','26/05/2018','21:00',9,0,1,12),(2129,'7','26/05/2018','16:00',5,3,1,23),(2130,'7','26/05/2018','19:00',3,2,3,24),(2131,'7','27/05/2018','11:00',25,0,0,15),(2132,'7','27/05/2018','19:00',19,1,3,8),(2133,'7','27/05/2018','16:00',13,3,0,20),(2134,'7','27/05/2018','16:00',1,1,1,21),(2135,'7','27/05/2018','19:00',22,0,1,7),(2136,'7','27/05/2018','16:00',10,0,1,6),(2137,'7','27/05/2018','16:00',4,2,1,16),(2138,'8','30/05/2018','21:45',6,1,0,3),(2139,'8','30/05/2018','21:00',23,2,0,22),(2140,'8','30/05/2018','19:30',21,2,3,4),(2141,'8','30/05/2018','19:30',20,1,0,25),(2142,'8','30/05/2018','21:00',8,3,2,1),(2143,'8','30/05/2018','19:30',24,3,2,9),(2144,'8','30/05/2018','21:45',7,0,0,5),(2145,'8','31/05/2018','21:00',15,2,0,10),(2146,'8','31/05/2018','16:00',12,2,0,13),(2147,'8','31/05/2018','18:00',16,1,0,19),(2148,'9','02/06/2018','16:00',9,3,3,23),(2149,'9','02/06/2018','19:00',20,1,2,1),(2150,'9','02/06/2018','21:00',3,3,1,8),(2151,'9','02/06/2018','16:00',4,0,0,24),(2152,'9','03/06/2018','16:00',19,3,1,15),(2153,'9','03/06/2018','16:00',13,0,2,7),(2154,'9','03/06/2018','16:00',12,1,0,16),(2155,'9','03/06/2018','16:00',10,5,2,21),(2156,'9','03/06/2018','19:00',22,0,1,6),(2157,'9','04/06/2018','20:00',25,2,1,5),(2158,'10','05/06/2018','21:30',8,0,0,4),(2159,'10','06/06/2018','21:45',6,1,1,20),(2160,'10','06/06/2018','19:30',21,1,0,23),(2161,'10','06/06/2018','19:30',1,0,0,22),(2162,'10','06/06/2018','21:00',24,1,0,15),(2163,'10','06/06/2018','21:00',16,1,1,10),(2164,'10','06/06/2018','21:45',7,0,2,3),(2165,'10','07/06/2018','20:00',25,1,0,21),(2166,'10','07/06/2018','21:00',19,1,3,9),(2167,'10','07/06/2018','20:00',5,0,2,12),(2168,'11','09/06/2018','16:00',15,0,1,8),(2169,'11','09/06/2018','19:00',23,2,0,6),(2170,'11','09/06/2018','19:00',20,3,2,24),(2171,'11','09/06/2018','21:00',16,0,0,21),(2172,'11','10/06/2018','16:00',9,5,2,5),(2173,'11','10/06/2018','16:00',13,3,3,1),(2174,'11','10/06/2018','19:00',12,2,0,25),(2175,'11','10/06/2018','19:00',10,1,2,4),(2176,'11','10/06/2018','16:00',22,2,2,3),(2177,'11','10/06/2018','16:00',7,1,0,19),(2178,'12','12/06/2018','21:30',8,3,0,21),(2179,'12','13/06/2018','21:45',9,2,1,22),(2180,'12','13/06/2018','19:30',25,1,1,6),(2181,'12','13/06/2018','16:00',19,0,0,23),(2182,'12','13/06/2018','21:45',13,1,0,16),(2183,'12','13/06/2018','19:00',5,0,1,10),(2184,'12','13/06/2018','21:00',1,2,0,15),(2185,'12','13/06/2018','19:30',24,0,0,7),(2186,'12','13/06/2018','21:00',3,1,1,12),(2187,'12','13/06/2018','21:45',4,3,1,20),(2188,'13','18/07/2018','21:00',21,1,0,25),(2189,'13','18/07/2018','21:45',12,0,1,8),(2190,'13','18/07/2018','19:30',22,1,0,24),(2191,'13','18/07/2018','21:45',16,2,0,1),(2192,'13','18/07/2018','21:45',7,2,0,9),(2193,'13','19/07/2018','19:30',6,3,1,19),(2194,'13','19/07/2018','21:00',15,2,2,4),(2195,'13','19/07/2018','19:30',23,1,1,13),(2196,'13','19/07/2018','20:00',20,1,1,5),(2197,'13','19/07/2018','20:00',10,1,1,3),(2198,'14','21/07/2018','19:00',12,2,0,1),(2199,'14','21/07/2018','21:00',8,3,1,16),(2200,'14','22/07/2018','19:00',6,2,1,15),(2201,'14','22/07/2018','16:00',25,1,0,19),(2202,'14','22/07/2018','19:00',23,0,0,10),(2203,'14','22/07/2018','16:00',13,4,1,21),(2204,'14','22/07/2018','16:00',20,1,0,7),(2205,'14','22/07/2018','16:00',24,1,2,5),(2206,'14','22/07/2018','16:00',3,3,2,9),(2207,'14','23/07/2018','20:00',4,1,0,22),(2208,'15','25/07/2018','21:00',9,2,0,25),(2209,'15','25/07/2018','19:30',5,1,0,3),(2210,'15','25/07/2018','21:45',10,1,1,12),(2211,'15','25/07/2018','21:45',16,2,0,6),(2212,'15','26/07/2018','20:00',19,2,1,4),(2213,'15','26/07/2018','19:30',21,1,0,24),(2214,'15','26/07/2018','19:30',1,1,0,23),(2215,'15','26/07/2018','19:30',7,2,1,8),(2216,'15','29/08/2018','19:30',15,1,0,20),(2217,'15','29/08/2018','19:30',22,0,2,13),(2218,'16','28/07/2018','16:00',22,1,0,5),(2219,'16','29/07/2018','16:00',6,0,2,8),(2220,'16','29/07/2018','16:00',15,4,0,21),(2221,'16','29/07/2018','19:00',23,1,1,7),(2222,'16','29/07/2018','11:00',20,1,4,16),(2223,'16','29/07/2018','16:00',12,4,1,24),(2224,'16','29/07/2018','19:00',10,0,1,19),(2225,'16','29/07/2018','11:00',3,3,0,25),(2226,'16','29/07/2018','16:00',4,3,0,1),(2227,'16','30/07/2018','20:00',13,2,2,9),(2228,'17','04/08/2018','16:00',1,0,0,10),(2229,'17','04/08/2018','21:00',16,0,0,15),(2230,'17','04/08/2018','19:00',7,2,0,12),(2231,'17','05/08/2018','16:00',25,0,1,22),(2232,'17','05/08/2018','16:00',19,0,0,3),(2233,'17','05/08/2018','16:00',21,1,1,6),(2234,'17','05/08/2018','19:00',5,1,1,13),(2235,'17','05/08/2018','16:00',8,2,1,20),(2236,'17','05/08/2018','19:00',24,1,1,23),(2237,'17','06/08/2018','20:00',9,0,1,4),(2238,'18','11/08/2018','19:00',13,1,0,19),(2239,'18','11/08/2018','16:00',22,0,0,15),(2240,'18','12/08/2018','11:00',9,3,1,10),(2241,'18','12/08/2018','11:00',25,1,1,1),(2242,'18','12/08/2018','16:00',23,2,1,16),(2243,'18','12/08/2018','16:00',12,1,0,6),(2244,'18','12/08/2018','16:00',24,1,3,8),(2245,'18','12/08/2018','19:00',3,1,0,20),(2246,'18','12/08/2018','19:00',7,4,0,21),(2247,'18','13/08/2018','20:00',5,0,3,4),(2248,'19','18/08/2018','16:00',10,3,0,24),(2249,'19','18/08/2018','19:00',16,0,1,7),(2250,'19','19/08/2018','16:00',6,1,1,13),(2251,'19','19/08/2018','11:00',15,3,0,12),(2252,'19','19/08/2018','19:00',19,0,0,5),(2253,'19','19/08/2018','16:00',21,0,3,3),(2254,'19','19/08/2018','16:00',1,0,3,9),(2255,'19','19/08/2018','19:00',8,2,0,23),(2256,'19','19/08/2018','11:00',4,1,0,25),(2257,'19','20/08/2018','20:00',20,1,1,22),(2258,'20','08/08/2018','19:30',22,1,1,10),(2259,'20','22/08/2018','19:30',25,1,1,8),(2260,'20','22/08/2018','19:30',13,0,1,4),(2261,'20','22/08/2018','21:00',24,0,2,19),(2262,'20','22/08/2018','21:00',3,2,0,1),(2263,'20','22/08/2018','21:45',5,1,0,16),(2264,'20','22/08/2018','21:45',7,1,1,6),(2265,'20','23/08/2018','19:30',12,1,0,21),(2266,'20','23/08/2018','20:00',9,0,0,20),(2267,'20','13/09/2018','20:00',23,2,1,15),(2268,'21','25/08/2018','16:00',10,2,0,13),(2269,'21','25/08/2018','19:00',16,1,0,25),(2270,'21','25/08/2018','19:00',15,2,1,7),(2271,'21','25/08/2018','21:00',6,2,1,5),(2272,'21','25/08/2018','21:00',1,2,0,24),(2273,'21','26/08/2018','11:00',8,1,0,22),(2274,'21','26/08/2018','16:00',19,2,2,12),(2275,'21','26/08/2018','16:00',21,1,0,9),(2276,'21','26/08/2018','16:00',4,0,0,3),(2277,'21','26/08/2018','19:00',20,3,1,23),(2278,'22','01/09/2018','16:00',21,1,0,19),(2279,'22','01/09/2018','16:00',7,4,0,1),(2280,'22','01/09/2018','19:00',20,0,3,10),(2281,'22','01/09/2018','21:00',16,1,1,9),(2282,'22','02/09/2018','11:00',12,0,1,22),(2283,'22','02/09/2018','16:00',15,2,0,13),(2284,'22','02/09/2018','16:00',8,1,1,5),(2285,'22','02/09/2018','16:00',24,1,0,25),(2286,'22','02/09/2018','19:00',23,1,2,3),(2287,'22','02/09/2018','19:00',6,0,0,4),(2288,'23','05/09/2018','19:30',13,2,0,24),(2289,'23','05/09/2018','19:30',1,1,1,6),(2290,'23','05/09/2018','20:00',22,2,1,16),(2291,'23','05/09/2018','21:00',25,1,1,23),(2292,'23','05/09/2018','21:00',3,2,0,15),(2293,'23','05/09/2018','21:45',9,1,0,8),(2294,'23','05/09/2018','21:45',4,2,1,12),(2295,'23','06/09/2018','19:00',5,0,0,21),(2296,'23','06/09/2018','20:00',19,2,1,20),(2297,'23','06/09/2018','19:00',10,0,0,7),(2298,'24','08/09/2018','16:00',24,0,0,6),(2299,'24','08/09/2018','19:00',8,1,0,13),(2300,'24','08/09/2018','21:00',12,2,0,23),(2301,'24','09/09/2018','16:00',19,0,0,22),(2302,'24','09/09/2018','16:00',5,1,0,1),(2303,'24','09/09/2018','16:00',3,1,0,16),(2304,'24','09/09/2018','16:00',4,1,0,7),(2305,'24','09/09/2018','19:00',21,1,0,20),(2306,'24','09/09/2018','19:00',25,0,2,10),(2307,'24','10/09/2018','20:00',9,3,1,15),(2308,'25','15/09/2018','16:00',22,2,0,21),(2309,'25','15/09/2018','19:00',20,1,1,12),(2310,'25','15/09/2018','16:00',7,2,0,25),(2311,'25','16/09/2018','11:00',1,1,0,19),(2312,'25','16/09/2018','16:00',6,0,0,9),(2313,'25','16/09/2018','16:00',15,3,1,5),(2314,'25','16/09/2018','16:00',13,1,1,3),(2315,'25','16/09/2018','16:00',10,0,0,8),(2316,'25','16/09/2018','19:00',16,2,1,24),(2317,'25','17/09/2018','20:00',23,2,1,4),(2318,'26','22/09/2018','16:00',8,1,1,19),(2319,'26','23/09/2018','16:00',12,2,1,9),(2320,'26','23/09/2018','18:00',21,3,4,1),(2321,'26','23/09/2018','11:00',7,3,2,22),(2322,'26','23/09/2018','16:00',15,3,0,25),(2323,'26','23/09/2018','18:00',24,0,1,3),(2324,'26','23/09/2018','16:00',16,1,1,4),(2325,'26','23/09/2018','19:00',6,2,1,10),(2326,'26','24/09/2018','20:00',20,2,1,13),(2327,'26','24/09/2018','20:00',23,1,2,5),(2328,'27','29/09/2018','16:00',5,0,1,7),(2329,'27','29/09/2018','19:00',19,0,0,16),(2330,'27','29/09/2018','21:00',13,0,0,12),(2331,'27','30/09/2018','11:00',3,3,1,6),(2332,'27','30/09/2018','16:00',9,5,2,24),(2333,'27','30/09/2018','16:00',1,2,2,8),(2334,'27','30/09/2018','16:00',10,1,0,15),(2335,'27','30/09/2018','16:00',4,2,1,21),(2336,'27','30/09/2018','19:00',22,3,1,23),(2337,'27','01/10/2018','20:00',25,1,1,20),(2338,'28','05/10/2018','19:00',24,2,1,4),(2339,'28','05/10/2018','21:00',16,0,3,12),(2340,'28','05/10/2018','21:30',21,0,1,10),(2341,'28','06/10/2018','16:00',15,4,0,19),(2342,'28','06/10/2018','16:00',23,1,0,9),(2343,'28','06/10/2018','18:00',8,0,2,3),(2344,'28','06/10/2018','21:00',7,2,2,13),(2345,'28','08/10/2018','20:00',5,4,0,25),(2346,'28','09/10/2018','21:00',1,1,1,20),(2347,'28','24/10/2018','19:30',6,0,2,22),(2348,'29','13/10/2018','17:00',12,3,0,5),(2349,'29','13/10/2018','19:00',10,1,0,16),(2350,'29','13/10/2018','21:00',13,2,0,25),(2351,'29','14/10/2018','19:00',9,0,0,19),(2352,'29','14/10/2018','11:00',23,0,1,21),(2353,'29','14/10/2018','16:00',20,2,0,6),(2354,'29','14/10/2018','16:00',3,2,0,7),(2355,'29','14/10/2018','16:00',4,3,1,8),(2356,'29','14/10/2018','19:00',15,4,0,24),(2357,'29','15/10/2018','20:00',22,0,0,1),(2358,'30','20/10/2018','16:00',1,0,1,13),(2359,'30','20/10/2018','19:00',8,0,0,15),(2360,'30','20/10/2018','19:00',24,2,1,20),(2361,'30','20/10/2018','16:00',19,1,1,7),(2362,'30','21/10/2018','16:00',21,2,2,16),(2363,'30','21/10/2018','16:00',5,1,0,9),(2364,'30','21/10/2018','16:00',3,2,1,22),(2365,'30','21/10/2018','19:00',6,3,0,23),(2366,'30','21/10/2018','19:00',25,0,4,12),(2367,'30','22/10/2018','20:00',4,2,2,10),(2368,'31','26/10/2018','19:30',21,0,1,8),(2369,'31','26/10/2018','21:30',20,1,1,4),(2370,'31','27/10/2018','16:30',10,3,0,5),(2371,'31','27/10/2018','16:30',7,3,4,24),(2372,'31','27/10/2018','19:00',16,2,1,13),(2373,'31','27/10/2018','19:00',12,1,1,3),(2374,'31','27/10/2018','21:00',6,3,1,25),(2375,'31','27/10/2018','21:00',15,2,1,1),(2376,'31','27/10/2018','19:00',23,1,0,19),(2377,'31','29/10/2018','20:00',22,2,1,9),(2378,'32','03/11/2018','17:00',5,0,1,20),(2379,'32','03/11/2018','17:00',9,0,1,7),(2380,'32','03/11/2018','19:00',3,3,2,10),(2381,'32','04/11/2018','17:00',8,2,2,12),(2382,'32','04/11/2018','17:00',25,1,1,21),(2383,'32','04/11/2018','17:00',19,1,2,6),(2384,'32','04/11/2018','17:00',1,1,0,16),(2385,'32','04/11/2018','19:00',13,1,0,23),(2386,'32','04/11/2018','19:00',4,2,1,15),(2387,'32','05/11/2018','20:00',24,1,0,22),(2388,'33','10/11/2018','17:00',16,1,1,8),(2389,'33','10/11/2018','19:00',1,2,1,12),(2390,'33','10/11/2018','19:00',15,2,0,6),(2391,'33','10/11/2018','17:00',19,0,1,25),(2392,'33','11/11/2018','17:00',9,1,1,3),(2393,'33','11/11/2018','17:00',21,2,2,13),(2394,'33','11/11/2018','17:00',7,2,1,20),(2395,'33','11/11/2018','19:00',5,0,0,24),(2396,'33','11/11/2018','17:00',22,1,1,4),(2397,'33','12/11/2018','20:00',10,0,1,23),(2398,'34','14/11/2018','19:30',20,1,1,15),(2399,'34','14/11/2018','21:00',25,0,1,9),(2400,'34','14/11/2018','21:00',13,2,1,22),(2401,'34','14/11/2018','21:45',6,1,0,16),(2402,'34','14/11/2018','21:45',24,0,0,21),(2403,'34','14/11/2018','21:45',3,3,0,5),(2404,'34','15/11/2018','17:00',23,0,1,1),(2405,'34','15/11/2018','17:00',12,1,0,10),(2406,'34','15/11/2018','19:00',8,1,1,7),(2407,'34','15/11/2018','21:00',4,2,0,19),(2408,'35','17/11/2018','19:00',21,1,2,15),(2409,'35','17/11/2018','19:00',16,1,0,20),(2410,'35','17/11/2018','21:00',9,1,0,13),(2411,'35','18/11/2018','17:00',25,1,1,3),(2412,'35','18/11/2018','17:00',19,2,1,10),(2413,'35','18/11/2018','17:00',1,1,0,4),(2414,'35','18/11/2018','17:00',24,0,1,12),(2415,'35','18/11/2018','19:00',8,1,0,6),(2416,'35','18/11/2018','19:00',7,2,0,23),(2417,'35','19/11/2018','20:00',5,0,0,22),(2418,'36','21/11/2018','19:30',4,1,2,9),(2419,'36','21/11/2018','21:00',10,1,1,1),(2420,'36','21/11/2018','21:45',6,3,0,21),(2421,'36','21/11/2018','21:45',15,1,0,16),(2422,'36','21/11/2018','21:45',12,2,0,7),(2423,'36','21/11/2018','21:45',3,4,0,19),(2424,'36','22/11/2018','20:00',20,2,0,8),(2425,'36','22/11/2018','21:00',23,2,1,24),(2426,'36','22/11/2018','21:00',13,2,0,5),(2427,'36','22/11/2018','21:00',22,1,0,25),(2428,'37','24/11/2018','20:00',10,3,2,9),(2429,'37','25/11/2018','17:00',6,0,2,12),(2430,'37','25/11/2018','17:00',21,0,0,7),(2431,'37','25/11/2018','17:00',20,0,1,3),(2432,'37','25/11/2018','17:00',15,2,2,22),(2433,'37','25/11/2018','19:00',19,1,0,13),(2434,'37','25/11/2018','19:00',16,0,0,23),(2435,'37','25/11/2018','19:00',4,2,0,5),(2436,'37','26/11/2018','20:00',1,2,1,25),(2437,'37','26/11/2018','20:00',8,0,0,24),(2438,'38','01/12/2018','19:00',9,1,0,1),(2439,'38','01/12/2018','19:00',12,1,2,15),(2440,'38','02/12/2018','17:00',25,1,1,4),(2441,'38','02/12/2018','17:00',23,1,0,8),(2442,'38','02/12/2018','17:00',13,0,0,6),(2443,'38','02/12/2018','17:00',5,1,0,19),(2444,'38','02/12/2018','17:00',22,0,0,20),(2445,'38','02/12/2018','17:00',24,2,1,10),(2446,'38','02/12/2018','17:00',3,3,2,21),(2447,'38','02/12/2018','17:00',7,1,0,16),(2448,'1','27/04/2019','16:00',8,2,0,1),(2449,'1','27/04/2019','19:00',9,2,1,26),(2450,'1','27/04/2019','19:00',23,2,0,4),(2451,'1','27/04/2019','21:00',12,3,1,6),(2452,'1','28/04/2019','11:00',7,1,2,10),(2453,'1','28/04/2019','16:00',22,4,0,27),(2454,'1','28/04/2019','16:00',13,3,2,16),(2455,'1','28/04/2019','16:00',15,4,1,20),(2456,'1','28/04/2019','19:00',3,4,0,2),(2457,'1','28/04/2019','19:00',5,0,1,14),(2458,'2','01/05/2019','16:00',4,2,1,12),(2459,'2','01/05/2019','16:00',16,1,0,23),(2460,'2','01/05/2019','16:00',27,1,1,3),(2461,'2','01/05/2019','19:15',6,1,0,22),(2462,'2','01/05/2019','19:15',26,1,1,7),(2463,'2','01/05/2019','21:30',2,2,1,15),(2464,'2','01/05/2019','21:30',20,1,2,9),(2465,'2','01/05/2019','21:30',14,1,2,8),(2466,'2','02/05/2019','19:15',10,2,1,5),(2467,'2','02/05/2019','20:00',1,3,2,13),(2468,'3','04/05/2019','19:00',3,1,0,4),(2469,'3','04/05/2019','19:00',20,1,1,16),(2470,'3','04/05/2019','21:00',22,1,2,9),(2471,'3','05/05/2019','11:00',23,1,1,15),(2472,'3','05/05/2019','16:00',6,2,1,14),(2473,'3','05/05/2019','16:00',8,1,1,12),(2474,'3','05/05/2019','16:00',1,1,0,2),(2475,'3','05/05/2019','16:00',27,0,0,10),(2476,'3','05/05/2019','19:00',7,4,5,5),(2477,'3','05/05/2019','19:00',13,1,0,26),(2478,'4','11/05/2019','16:00',5,0,1,1),(2479,'4','11/05/2019','19:00',16,0,0,7),(2480,'4','11/05/2019','21:00',14,2,1,22),(2481,'4','12/05/2019','11:00',12,2,1,23),(2482,'4','12/05/2019','16:00',4,3,1,6),(2483,'4','12/05/2019','16:00',9,0,2,3),(2484,'4','12/05/2019','16:00',10,3,0,20),(2485,'4','12/05/2019','19:00',2,0,1,8),(2486,'4','12/05/2019','19:00',26,0,0,27),(2487,'4','12/05/2019','19:00',15,1,0,13),(2488,'5','18/05/2019','18:00',5,4,1,6),(2489,'5','18/05/2019','19:00',9,2,1,12),(2490,'5','18/05/2019','19:00',3,4,0,10),(2491,'5','19/05/2019','11:00',8,0,0,13),(2492,'5','19/05/2019','16:00',4,2,0,27),(2493,'5','19/05/2019','16:00',23,1,3,2),(2494,'5','19/05/2019','16:00',14,1,0,1),(2495,'5','19/05/2019','16:00',15,0,2,16),(2496,'5','19/05/2019','19:00',22,2,1,7),(2497,'5','19/05/2019','19:00',20,1,1,26),(2498,'6','25/05/2019','16:00',1,0,1,3),(2499,'6','25/05/2019','19:00',7,1,0,9),(2500,'6','26/05/2019','16:00',10,0,0,4),(2501,'6','26/05/2019','16:00',12,3,2,15),(2502,'6','26/05/2019','19:00',6,1,2,23),(2503,'6','26/05/2019','19:00',2,1,1,20),(2504,'6','26/05/2019','19:00',16,1,0,8),(2505,'6','26/05/2019','19:00',13,3,1,5),(2506,'6','27/05/2019','20:00',26,1,2,22),(2507,'6','27/05/2019','20:00',27,1,0,14),(2508,'7','01/06/2019','16:00',12,2,0,2),(2509,'7','01/06/2019','19:00',13,1,0,7),(2510,'7','02/06/2019','11:00',1,1,0,20),(2511,'7','02/06/2019','16:00',22,0,1,10),(2512,'7','02/06/2019','16:00',8,1,1,6),(2513,'7','02/06/2019','16:00',15,3,0,5),(2514,'7','02/06/2019','19:00',4,2,0,26),(2515,'7','02/06/2019','19:00',9,4,0,27),(2516,'7','02/06/2019','19:00',23,1,2,3),(2517,'7','07/08/2019','19:15',16,2,0,14),(2518,'8','07/06/2019','20:30',20,2,1,4),(2519,'8','08/06/2019','16:30',3,1,0,15),(2520,'8','08/06/2019','19:00',7,1,0,2),(2521,'8','08/06/2019','19:00',6,0,0,16),(2522,'8','08/06/2019','19:30',22,0,0,13),(2523,'8','08/06/2019','21:00',26,0,0,8),(2524,'8','09/06/2019','19:00',10,3,1,9),(2525,'8','09/06/2019','19:00',5,0,0,12),(2526,'8','09/06/2019','19:00',27,1,2,1),(2527,'8','10/06/2019','20:00',14,3,1,23),(2528,'9','12/06/2019','19:15',1,0,1,7),(2529,'9','12/06/2019','21:00',2,2,1,6),(2530,'9','12/06/2019','21:30',4,3,1,13),(2531,'9','12/06/2019','21:30',10,1,0,16),(2532,'9','12/06/2019','21:30',27,0,2,12),(2533,'9','13/06/2019','19:15',20,1,0,22),(2534,'9','13/06/2019','20:00',9,1,1,8),(2535,'9','13/06/2019','20:00',3,2,0,26),(2536,'9','13/06/2019','20:00',23,1,1,5),(2537,'9','13/06/2019','20:00',14,2,1,15),(2538,'10','13/07/2019','17:00',7,2,1,20),(2539,'10','13/07/2019','17:00',2,2,0,26),(2540,'10','13/07/2019','19:00',8,1,1,3),(2541,'10','13/07/2019','19:00',13,0,1,10),(2542,'10','14/07/2019','11:00',12,6,1,14),(2543,'10','14/07/2019','16:00',6,0,0,1),(2544,'10','14/07/2019','16:00',16,1,0,27),(2545,'10','14/07/2019','16:00',15,1,0,4),(2546,'10','14/07/2019','19:00',23,1,2,9),(2547,'10','15/07/2019','20:00',5,1,1,22),(2548,'11','20/07/2019','11:00',20,2,1,5),(2549,'11','20/07/2019','17:00',13,0,0,6),(2550,'11','20/07/2019','19:00',4,1,1,7),(2551,'11','20/07/2019','19:00',22,2,0,3),(2552,'11','20/07/2019','19:00',27,0,4,15),(2553,'11','21/07/2019','11:00',1,0,1,10),(2554,'11','21/07/2019','16:00',9,2,2,2),(2555,'11','21/07/2019','16:00',16,1,1,12),(2556,'11','21/07/2019','19:00',26,0,0,14),(2557,'11','22/07/2019','20:00',8,4,0,23),(2558,'12','27/07/2019','17:00',3,1,1,20),(2559,'12','27/07/2019','19:00',4,1,0,22),(2560,'12','27/07/2019','19:00',6,0,2,15),(2561,'12','27/07/2019','19:00',5,1,2,8),(2562,'12','28/07/2019','11:00',23,0,0,13),(2563,'12','28/07/2019','16:00',10,3,1,26),(2564,'12','28/07/2019','16:00',12,3,2,1),(2565,'12','28/07/2019','19:00',2,1,3,16),(2566,'12','28/07/2019','19:00',14,0,0,9),(2567,'12','29/07/2019','20:00',27,0,0,7),(2568,'13','03/08/2019','19:00',22,2,1,2),(2569,'13','03/08/2019','19:00',5,2,1,4),(2570,'13','04/08/2019','11:00',10,6,1,14),(2571,'13','04/08/2019','16:00',26,0,2,1),(2572,'13','04/08/2019','16:00',13,3,0,12),(2573,'13','04/08/2019','19:00',9,2,0,6),(2574,'13','04/08/2019','19:00',16,1,1,3),(2575,'13','04/08/2019','19:00',20,0,0,27),(2576,'13','05/08/2019','20:00',7,3,3,23),(2577,'13','21/08/2019','19:15',15,0,1,8),(2578,'14','10/08/2019','17:00',22,4,1,23),(2579,'14','10/08/2019','17:00',8,3,2,10),(2580,'14','10/08/2019','19:00',12,3,1,7),(2581,'14','10/08/2019','21:00',9,2,1,5),(2582,'14','11/08/2019','11:00',4,0,0,16),(2583,'14','11/08/2019','16:00',3,2,2,13),(2584,'14','11/08/2019','16:00',1,2,1,15),(2585,'14','11/08/2019','16:00',26,2,2,6),(2586,'14','11/08/2019','19:00',14,0,1,20),(2587,'14','12/08/2019','20:00',27,0,2,2),(2588,'15','17/08/2019','17:00',16,2,0,1),(2589,'15','17/08/2019','17:00',2,0,1,4),(2590,'15','17/08/2019','19:00',20,1,4,12),(2591,'15','17/08/2019','19:00',15,1,0,9),(2592,'15','17/08/2019','21:00',7,1,1,3),(2593,'15','18/08/2019','16:00',6,2,0,10),(2594,'15','18/08/2019','16:00',8,1,0,22),(2595,'15','18/08/2019','16:00',5,0,1,27),(2596,'15','18/08/2019','16:00',13,1,1,14),(2597,'15','18/08/2019','19:00',23,1,0,26),(2598,'16','24/08/2019','11:00',9,0,1,13),(2599,'16','24/08/2019','17:00',7,2,1,15),(2600,'16','25/08/2019','16:00',10,3,3,2),(2601,'16','25/08/2019','16:00',20,2,0,8),(2602,'16','25/08/2019','16:00',14,2,1,4),(2603,'16','25/08/2019','19:00',22,0,3,12),(2604,'16','25/08/2019','19:00',26,1,1,16),(2605,'16','25/08/2019','19:00',27,1,1,6),(2606,'16','26/08/2019','20:00',1,0,0,23),(2607,'16','10/09/2019','21:00',3,3,0,5),(2608,'17','31/08/2019','11:00',8,0,0,7),(2609,'17','31/08/2019','17:00',13,1,0,27),(2610,'17','31/08/2019','19:00',23,0,1,10),(2611,'17','31/08/2019','19:00',15,1,0,22),(2612,'17','31/08/2019','21:00',4,3,2,1),(2613,'17','01/09/2019','16:00',2,2,0,14),(2614,'17','01/09/2019','16:00',12,3,0,3),(2615,'17','01/09/2019','19:00',6,1,0,20),(2616,'17','01/09/2019','19:00',16,1,0,9),(2617,'17','02/09/2019','20:00',5,0,1,26),(2618,'18','07/09/2019','11:00',16,2,2,22),(2619,'18','07/09/2019','11:00',20,0,2,13),(2620,'18','07/09/2019','17:00',2,0,1,5),(2621,'18','07/09/2019','17:00',26,0,3,12),(2622,'18','07/09/2019','19:00',4,1,0,8),(2623,'18','07/09/2019','21:00',14,1,2,3),(2624,'18','08/09/2019','11:00',6,1,4,7),(2625,'18','08/09/2019','16:00',10,1,1,15),(2626,'18','08/09/2019','16:00',1,2,1,9),(2627,'18','08/09/2019','19:00',27,2,0,23),(2628,'19','14/09/2019','17:00',12,1,0,10),(2629,'19','14/09/2019','19:00',23,1,2,20),(2630,'19','14/09/2019','19:00',3,1,0,6),(2631,'19','14/09/2019','21:00',22,0,0,1),(2632,'19','14/09/2019','11:00',9,1,3,4),(2633,'19','14/09/2019','11:00',15,0,1,26),(2634,'19','14/09/2019','16:00',7,3,0,14),(2635,'19','14/09/2019','16:00',5,1,0,16),(2636,'19','14/09/2019','16:00',13,1,1,2),(2637,'19','14/09/2019','19:00',8,1,1,27),(2638,'20','21/09/2019','11:00',1,1,2,8),(2639,'20','21/09/2019','17:00',6,1,2,12),(2640,'20','21/09/2019','19:00',16,2,1,13),(2641,'20','21/09/2019','21:00',10,0,3,7),(2642,'20','22/09/2019','11:00',4,1,0,23),(2643,'20','22/09/2019','16:00',2,0,1,3),(2644,'20','22/09/2019','16:00',20,1,1,15),(2645,'20','22/09/2019','16:00',27,1,0,22),(2646,'20','22/09/2019','19:00',14,3,0,5),(2647,'20','23/09/2019','20:00',26,1,0,9),(2648,'21','25/09/2019','19:30',22,0,0,6),(2649,'21','25/09/2019','21:30',8,0,1,14),(2650,'21','25/09/2019','21:30',12,3,1,4),(2651,'21','25/09/2019','21:30',13,2,0,1),(2652,'21','26/09/2019','19:15',3,6,2,27),(2653,'21','26/09/2019','20:00',7,6,1,26),(2654,'21','26/09/2019','20:00',5,1,1,10),(2655,'21','26/09/2019','21:30',15,4,1,2),(2656,'21','02/10/2019','19:15',9,1,2,20),(2657,'21','02/10/2019','19:15',23,0,1,16),(2658,'22','28/09/2019','19:00',12,0,0,8),(2659,'22','29/09/2019','11:00',16,1,0,20),(2660,'22','29/09/2019','16:00',4,1,1,3),(2661,'22','29/09/2019','16:00',10,2,0,27),(2662,'22','29/09/2019','16:00',5,2,1,7),(2663,'22','29/09/2019','19:00',9,2,1,22),(2664,'22','29/09/2019','19:00',15,1,1,23),(2665,'22','30/09/2019','20:00',2,1,0,1),(2666,'22','30/09/2019','20:00',26,0,2,13),(2667,'22','30/09/2019','20:00',14,1,0,6),(2668,'23','05/10/2019','17:00',8,2,1,2),(2669,'23','05/10/2019','17:00',20,0,1,10),(2670,'23','05/10/2019','19:00',7,0,0,16),(2671,'23','05/10/2019','19:00',13,1,2,15),(2672,'23','05/10/2019','21:00',6,1,1,4),(2673,'23','06/10/2019','11:00',23,0,1,12),(2674,'23','06/10/2019','16:00',22,0,1,14),(2675,'23','06/10/2019','16:00',3,1,1,9),(2676,'23','06/10/2019','16:00',1,0,1,5),(2677,'23','06/10/2019','19:00',27,3,1,26),(2678,'24','09/10/2019','19:15',1,3,1,14),(2679,'24','09/10/2019','19:15',27,1,0,4),(2680,'24','09/10/2019','20:30',2,2,0,23),(2681,'24','09/10/2019','21:00',7,2,1,22),(2682,'24','09/10/2019','21:00',13,0,0,8),(2683,'24','09/10/2019','21:30',6,0,0,5),(2684,'24','09/10/2019','21:30',10,2,0,3),(2685,'24','10/10/2019','19:15',16,2,2,15),(2686,'24','10/10/2019','19:15',26,0,0,20),(2687,'24','10/10/2019','20:00',12,3,1,9),(2688,'25','12/10/2019','17:00',14,1,0,27),(2689,'25','12/10/2019','19:00',5,2,0,13),(2690,'25','12/10/2019','21:00',3,1,0,1),(2691,'25','13/10/2019','16:00',4,0,0,10),(2692,'25','13/10/2019','16:00',22,1,0,26),(2693,'25','13/10/2019','16:00',20,1,0,2),(2694,'25','13/10/2019','16:00',15,0,2,12),(2695,'25','13/10/2019','18:00',8,1,0,16),(2696,'25','13/10/2019','19:00',9,1,4,7),(2697,'25','13/10/2019','19:00',23,1,1,6),(2698,'26','16/10/2019','19:15',7,0,1,13),(2699,'26','16/10/2019','19:15',27,2,2,9),(2700,'26','16/10/2019','20:00',2,1,2,12),(2701,'26','16/10/2019','21:00',6,1,0,8),(2702,'26','16/10/2019','21:00',3,1,0,23),(2703,'26','16/10/2019','21:30',20,2,1,1),(2704,'26','16/10/2019','21:30',14,2,2,16),(2705,'26','17/10/2019','19:15',10,2,1,22),(2706,'26','17/10/2019','19:15',26,0,2,4),(2707,'26','17/10/2019','21:00',5,1,2,15),(2708,'27','19/10/2019','17:00',2,2,1,7),(2709,'27','19/10/2019','19:00',16,1,2,6),(2710,'27','20/10/2019','16:00',4,0,1,20),(2711,'27','20/10/2019','16:00',9,2,0,10),(2712,'27','20/10/2019','16:00',8,1,0,26),(2713,'27','20/10/2019','18:00',12,2,0,5),(2714,'27','20/10/2019','19:00',23,2,2,14),(2715,'27','20/10/2019','19:00',15,1,1,3),(2716,'27','21/10/2019','19:30',13,1,2,22),(2717,'27','21/10/2019','20:00',1,2,1,27),(2718,'28','26/10/2019','17:00',16,0,0,10),(2719,'28','26/10/2019','17:00',22,1,1,20),(2720,'28','26/10/2019','19:00',13,2,3,4),(2721,'28','26/10/2019','19:30',5,1,1,23),(2722,'28','26/10/2019','21:00',6,1,1,2),(2723,'28','27/10/2019','16:00',7,3,0,1),(2724,'28','27/10/2019','16:00',8,2,0,9),(2725,'28','27/10/2019','16:00',15,4,1,14),(2726,'28','27/10/2019','18:00',26,1,2,3),(2727,'28','27/10/2019','19:00',12,1,0,27),(2728,'29','30/10/2019','19:30',9,0,2,23),(2729,'29','30/10/2019','19:30',3,3,0,8),(2730,'29','30/10/2019','19:30',26,1,3,2),(2731,'29','30/10/2019','21:30',22,2,0,5),(2732,'29','30/10/2019','21:30',20,1,3,7),(2733,'29','30/10/2019','21:30',27,2,1,16),(2734,'29','31/10/2019','19:15',10,1,0,13),(2735,'29','31/10/2019','20:00',14,2,2,12),(2736,'29','31/10/2019','21:30',4,1,1,15),(2737,'29','31/10/2019','21:30',1,0,2,6),(2738,'30','02/11/2019','17:00',2,2,2,9),(2739,'30','02/11/2019','19:00',3,1,0,22),(2740,'30','02/11/2019','19:00',5,0,0,20),(2741,'30','02/11/2019','21:00',23,0,3,8),(2742,'30','03/11/2019','16:00',12,4,1,16),(2743,'30','03/11/2019','18:00',7,2,0,4),(2744,'30','03/11/2019','18:00',15,1,0,27),(2745,'30','03/11/2019','19:00',6,1,1,13),(2746,'30','03/11/2019','19:00',10,4,1,1),(2747,'30','03/11/2019','19:30',14,2,0,26),(2748,'31','06/11/2019','19:30',16,3,2,2),(2749,'31','06/11/2019','20:00',9,2,0,14),(2750,'31','06/11/2019','21:00',26,1,2,10),(2751,'31','06/11/2019','21:30',20,1,2,3),(2752,'31','06/11/2019','21:30',13,1,1,23),(2753,'31','06/11/2019','21:30',15,0,0,6),(2754,'31','07/11/2019','19:30',22,2,0,4),(2755,'31','07/11/2019','19:30',8,0,2,5),(2756,'31','07/11/2019','20:00',1,0,1,12),(2757,'31','07/11/2019','21:00',7,2,1,27),(2758,'32','09/11/2019','17:00',14,0,3,10),(2759,'32','09/11/2019','19:00',3,1,1,16),(2760,'32','10/11/2019','16:00',4,2,1,5),(2761,'32','10/11/2019','16:00',6,0,0,9),(2762,'32','10/11/2019','16:00',8,0,1,15),(2763,'32','10/11/2019','18:00',12,3,1,13),(2764,'32','10/11/2019','19:00',2,1,0,22),(2765,'32','10/11/2019','19:00',23,0,1,7),(2766,'32','10/11/2019','19:00',27,0,3,20),(2767,'32','11/11/2019','20:00',1,2,0,26),(2768,'33','16/11/2019','17:00',10,1,1,8),(2769,'33','16/11/2019','19:00',5,1,1,9),(2770,'33','17/11/2019','16:00',7,0,1,12),(2771,'33','17/11/2019','16:00',13,1,1,3),(2772,'33','17/11/2019','18:00',16,0,0,4),(2773,'33','17/11/2019','18:00',23,1,0,22),(2774,'33','17/11/2019','18:00',15,1,0,1),(2775,'33','17/11/2019','19:00',2,3,0,27),(2776,'33','18/11/2019','19:30',20,1,1,14),(2777,'33','18/11/2019','20:00',6,0,0,26),(2778,'34','13/11/2019','21:30',12,4,4,20),(2779,'34','23/11/2019','21:00',10,4,1,6),(2780,'34','24/11/2019','16:00',9,0,1,15),(2781,'34','24/11/2019','16:00',3,1,2,7),(2782,'34','24/11/2019','16:00',14,4,3,13),(2783,'34','24/11/2019','18:00',1,1,0,16),(2784,'34','24/11/2019','19:00',4,2,2,2),(2785,'34','24/11/2019','19:00',22,1,1,8),(2786,'34','24/11/2019','19:00',26,0,1,23),(2787,'34','25/11/2019','20:00',27,0,1,5),(2788,'35','27/11/2019','19:30',4,1,2,14),(2789,'35','27/11/2019','19:30',23,0,1,1),(2790,'35','27/11/2019','21:00',13,1,1,9),(2791,'35','27/11/2019','21:30',16,3,0,26),(2792,'35','27/11/2019','21:30',12,4,1,22),(2793,'35','27/11/2019','21:30',15,2,0,7),(2794,'35','28/11/2019','19:30',5,1,0,3),(2795,'35','28/11/2019','20:00',2,2,1,10),(2796,'35','28/11/2019','20:30',8,1,0,20),(2797,'35','28/11/2019','21:30',6,0,1,27),(2798,'36','30/11/2019','19:00',22,1,1,15),(2799,'36','30/11/2019','19:00',1,0,1,4),(2800,'36','01/12/2019','16:00',3,1,3,12),(2801,'36','01/12/2019','16:00',26,1,1,5),(2802,'36','01/12/2019','16:00',14,1,2,2),(2803,'36','01/12/2019','18:00',9,2,1,16),(2804,'36','01/12/2019','18:00',27,1,2,13),(2805,'36','01/12/2019','19:00',7,3,0,8),(2806,'36','01/12/2019','19:00',10,2,0,23),(2807,'36','02/12/2019','20:00',20,1,0,6),(2808,'37','04/12/2019','19:00',15,1,0,10),(2809,'37','04/12/2019','19:30',9,2,0,1),(2810,'37','04/12/2019','19:30',22,0,1,16),(2811,'37','04/12/2019','21:00',23,3,0,27),(2812,'37','04/12/2019','21:30',8,2,1,4),(2813,'37','04/12/2019','21:30',5,0,0,2),(2814,'37','05/12/2019','19:15',7,2,0,6),(2815,'37','05/12/2019','19:15',3,5,1,14),(2816,'37','05/12/2019','19:15',13,1,1,20),(2817,'37','05/12/2019','20:00',12,6,1,26),(2818,'38','08/12/2019','16:00',4,2,1,9),(2819,'38','08/12/2019','16:00',6,0,2,3),(2820,'38','08/12/2019','16:00',2,2,1,13),(2821,'38','08/12/2019','16:00',16,1,2,5),(2822,'38','08/12/2019','16:00',10,4,0,12),(2823,'38','08/12/2019','16:00',20,1,1,23),(2824,'38','08/12/2019','16:00',1,1,1,22),(2825,'38','08/12/2019','16:00',26,0,0,15),(2826,'38','08/12/2019','16:00',14,3,2,7),(2827,'38','08/12/2019','16:00',27,1,2,8),(2828,'1','08/08/2020','19:00',2,0,2,15),(2829,'1','08/08/2020','19:30',18,0,1,4),(2830,'1','08/08/2020','21:00',24,3,2,22),(2831,'1','09/08/2020','16:00',12,0,1,9),(2832,'1','09/08/2020','16:00',10,1,1,11),(2833,'1','09/08/2020','19:00',7,1,0,5),(2834,'1','26/01/2020','20:00',3,1,1,20),(2835,'1','30/09/2020','21:30',1,1,2,13),(2836,'1','30/09/2020','21:30',16,0,0,28),(2837,'1','03/12/2020','19:00',14,0,3,8),(2838,'2','12/08/2020','19:15',9,3,2,16),(2839,'2','12/08/2020','19:15',15,2,1,14),(2840,'2','12/08/2020','19:15',11,1,1,1),(2841,'2','12/08/2020','20:30',13,1,0,18),(2842,'2','12/08/2020','20:30',28,3,0,12),(2843,'2','12/08/2020','21:30',5,1,1,3),(2844,'2','12/08/2020','21:30',22,1,1,7),(2845,'2','13/08/2020','19:15',8,1,0,2),(2846,'2','13/08/2020','19:30',4,2,0,10),(2847,'2','13/08/2020','20:00',20,2,0,24),(2848,'3','15/08/2020','19:00',7,0,0,16),(2849,'3','15/08/2020','19:30',18,0,1,12),(2850,'3','16/08/2020','11:00',9,2,0,22),(2851,'3','16/08/2020','16:00',20,2,1,8),(2852,'3','16/08/2020','16:00',13,2,1,11),(2853,'3','16/08/2020','18:00',5,2,1,4),(2854,'3','16/08/2020','19:00',28,1,1,24),(2855,'3','16/08/2020','19:30',2,0,0,1),(2856,'3','16/08/2020','19:45',10,3,1,15),(2857,'3','15/08/2020','21:30',3,1,1,14),(2858,'4','19/08/2020','19:15',12,1,1,7),(2859,'4','19/08/2020','19:15',11,2,1,5),(2860,'4','19/08/2020','19:30',15,0,1,3),(2861,'4','19/08/2020','20:30',4,3,0,28),(2862,'4','19/08/2020','20:30',14,1,3,2),(2863,'4','19/08/2020','21:30',1,2,1,9),(2864,'4','19/08/2020','21:30',16,3,1,18),(2865,'4','20/08/2020','19:15',24,0,1,10),(2866,'4','20/08/2020','20:00',8,1,1,13),(2867,'4','20/08/2020','20:00',22,0,3,20),(2868,'5','22/08/2020','16:00',15,0,1,5),(2869,'5','22/08/2020','19:00',4,1,0,9),(2870,'5','22/08/2020','21:00',14,2,0,28),(2871,'5','23/08/2020','11:00',12,1,1,1),(2872,'5','23/08/2020','16:00',20,0,0,7),(2873,'5','23/08/2020','16:00',11,1,2,18),(2874,'5','23/08/2020','19:00',24,0,1,8),(2875,'5','23/08/2020','20:00',22,2,0,13),(2876,'5','26/08/2020','21:30',16,1,1,2),(2877,'5','23/08/2020','16:00',3,2,1,10),(2878,'6','29/08/2020','17:00',1,0,2,4),(2879,'6','29/08/2020','19:00',5,2,1,20),(2880,'6','29/08/2020','19:00',13,1,1,3),(2881,'6','29/08/2020','21:00',2,3,0,11),(2882,'6','30/08/2020','11:00',8,2,1,16),(2883,'6','30/08/2020','16:00',10,0,1,12),(2884,'6','30/08/2020','16:00',18,1,0,24),(2885,'6','30/08/2020','18:00',28,0,2,22),(2886,'6','18/11/2020','19:00',9,0,2,15),(2887,'6','30/11/2020','18:00',7,2,1,14),(2888,'7','02/09/2020','19:15',5,1,1,28),(2889,'7','02/09/2020','19:00',22,1,0,2),(2890,'7','02/09/2020','19:15',14,1,2,16),(2891,'7','02/09/2020','20:30',1,0,0,18),(2892,'7','02/09/2020','20:30',13,3,5,12),(2893,'7','02/09/2020','20:30',15,1,1,11),(2894,'7','02/09/2020','21:30',10,2,2,20),(2895,'7','03/09/2020','19:00',7,1,2,24),(2896,'7','03/09/2020','20:00',9,3,0,8),(2897,'7','02/09/2020','21:30',3,1,1,4),(2898,'8','05/09/2020','17:00',12,2,1,2),(2899,'8','05/09/2020','19:00',16,2,2,1),(2900,'8','05/09/2020','21:00',22,0,1,10),(2901,'8','06/09/2020','11:00',11,1,2,3),(2902,'8','06/09/2020','16:00',8,3,1,5),(2903,'8','06/09/2020','16:00',4,2,2,13),(2904,'8','06/09/2020','18:00',20,1,0,15),(2905,'8','06/09/2020','19:00',28,1,1,7),(2906,'8','06/09/2020','20:30',24,2,1,14),(2907,'8','06/09/2020','20:30',18,0,1,9),(2908,'9','09/09/2020','17:30',15,1,1,1),(2909,'9','09/09/2020','18:00',2,1,0,24),(2910,'9','09/09/2020','18:00',14,3,3,18),(2911,'9','09/09/2020','19:15',8,1,1,11),(2912,'9','09/09/2020','21:30',5,1,2,12),(2913,'9','09/09/2020','21:30',10,3,1,9),(2914,'9','10/09/2020','19:15',16,0,2,3),(2915,'9','10/09/2020','19:15',4,2,0,22),(2916,'9','10/09/2020','19:15',13,0,2,7),(2917,'9','10/09/2020','21:00',20,1,2,28),(2918,'10','12/09/2020','16:30',15,1,0,18),(2919,'10','12/09/2020','19:00',10,2,2,8),(2920,'10','13/09/2020','16:00',5,2,1,16),(2921,'10','13/09/2020','16:00',7,1,1,2),(2922,'10','13/09/2020','18:00',9,2,1,11),(2923,'10','13/09/2020','18:00',13,0,1,28),(2924,'10','13/09/2020','18:00',22,2,0,12),(2925,'10','13/09/2020','18:00',14,1,0,4),(2926,'10','13/09/2020','20:30',1,2,3,20),(2927,'10','13/09/2020','19:45',3,2,2,24),(2928,'11','26/08/2020','19:00',8,1,0,15),(2929,'11','16/09/2020','21:30',16,3,2,13),(2930,'11','19/09/2020','19:00',11,4,2,22),(2931,'11','19/09/2020','19:00',2,1,0,4),(2932,'11','19/09/2020','21:00',28,3,4,9),(2933,'11','20/09/2020','16:00',7,1,1,3),(2934,'11','20/10/2020','16:00',18,0,1,20),(2935,'11','20/11/2020','18:15',1,0,0,10),(2936,'11','20/12/2020','20:30',24,1,0,5),(2937,'11','13/10/2020','18:00',12,2,1,14),(2938,'12','23/09/2020','21:30',24,1,0,16),(2939,'12','26/09/2020','19:00',4,1,1,8),(2940,'12','26/09/2020','19:00',15,1,0,13),(2941,'12','26/09/2020','21:00',9,3,1,7),(2942,'12','27/09/2020','11:00',20,1,1,11),(2943,'12','27/09/2020','18:15',22,2,2,14),(2944,'12','27/09/2020','18:15',28,1,1,1),(2945,'12','27/09/2020','20:30',10,1,1,2),(2946,'12','28/09/2020','20:00',5,4,0,18),(2947,'12','27/09/2020','16:00',3,1,1,12),(2948,'13','03/10/2020','17:00',7,1,1,4),(2949,'13','03/10/2020','21:00',11,0,0,16),(2950,'13','04/10/2020','11:00',1,1,1,5),(2951,'13','04/10/2020','16:00',12,3,1,15),(2952,'13','04/10/2020','16:00',18,1,1,8),(2953,'13','04/10/2020','18:15',13,1,2,24),(2954,'13','04/10/2020','18:15',2,0,0,28),(2955,'13','04/10/2020','18:15',14,2,3,10),(2956,'13','04/10/2020','20:30',9,4,1,20),(2957,'13','03/10/2020','19:00',3,2,1,22),(2958,'14','07/10/2020','19:00',16,1,1,10),(2959,'14','07/10/2020','19:15',12,3,0,24),(2960,'14','07/10/2020','19:15',7,2,1,18),(2961,'14','07/10/2020','19:15',13,3,0,20),(2962,'14','07/10/2020','20:30',14,2,4,5),(2963,'14','07/10/2020','20:30',8,3,0,28),(2964,'14','07/10/2020','21:30',1,2,1,3),(2965,'14','07/10/2020','21:30',2,2,1,9),(2966,'14','08/10/2020','19:00',15,0,0,22),(2967,'14','08/10/2020','21:00',11,0,2,4),(2968,'15','10/10/2020','17:00',20,1,2,12),(2969,'15','10/10/2020','19:00',18,0,0,2),(2970,'15','10/10/2020','21:00',9,3,0,14),(2971,'15','11/10/2020','16:00',5,1,0,13),(2972,'15','11/10/2020','16:00',10,2,1,7),(2973,'15','11/10/2020','18:15',24,1,2,1),(2974,'15','11/10/2020','18:15',28,2,1,11),(2975,'15','11/10/2020','20:30',4,2,1,15),(2976,'15','11/10/2020','20:30',22,2,1,16),(2977,'15','10/10/2020','19:00',3,0,2,8),(2978,'16','14/10/2020','19:15',7,3,1,1),(2979,'16','14/10/2020','20:30',10,0,1,28),(2980,'16','14/10/2020','21:30',9,1,1,5),(2981,'16','14/10/2020','21:30',24,3,5,4),(2982,'16','14/10/2020','21:30',15,0,1,16),(2983,'16','15/10/2020','20:00',12,1,1,11),(2984,'16','16/10/2020','20:00',14,1,1,13),(2985,'16','14/10/2020','18:00',3,1,3,18),(2986,'16','19/11/2020','19:00',20,0,0,2),(2987,'16','25/11/2020','19:15',22,1,1,8),(2988,'17','17/10/2020','19:00',5,2,2,22),(2989,'17','17/10/2020','19:00',18,1,2,10),(2990,'17','17/10/2020','19:00',28,1,1,15),(2991,'17','17/10/2020','21:00',8,0,0,7),(2992,'17','18/10/2020','16:00',16,1,5,12),(2993,'17','18/10/2020','18:15',4,2,0,20),(2994,'17','18/10/2020','20:30',11,2,0,24),(2995,'17','18/10/2020','20:30',2,2,0,3),(2996,'17','19/10/2020','20:00',1,0,0,14),(2997,'17','19/10/2020','20:00',13,3,1,9),(2998,'18','21/10/2020','21:30',20,1,2,16),(2999,'1 8','24/10/2020','17:00',11,2,0,14),(3000,'18','24/10/2020','19:00',22,2,1,18),(3001,'18','24/10/2020','21:00',9,0,0,24),(3002,'18','25/10/2020','16:00',5,3,1,10),(3003,'18','25/10/2020','16:00',28,0,3,3),(3004,'18','25/10/2020','18:15',4,2,2,12),(3005,'18','25/10/2020','18:15',15,1,2,7),(3006,'18','11/11/2020','18:45',13,2,1,2),(3007,'18','09/12/2020','21:30',8,4,0,1),(3008,'19','31/10/2020','17:00',1,2,2,22),(3009,'19','31/10/2020','19:00',16,1,0,4),(3010,'19','31/10/2020','19:00',18,1,0,28),(3011,'19','31/10/2020','21:00',2,0,1,5),(3012,'19','01/11/2020','16:00',12,1,4,8),(3013,'19','01/11/2020','16:00',24,1,0,15),(3014,'19','01/11/2020','18:15',10,3,1,13),(3015,'19','01/11/2020','20:30',14,1,1,20),(3016,'19','02/11/2020','20:00',7,2,1,11),(3017,'19','02/11/2020','17:00',3,3,0,9),(3018,'20','07/11/2020','19:00',8,2,1,14),(3019,'20','07/11/2020','18:00',15,2,1,2),(3020,'20','07/11/2020','21:00',28,1,1,16),(3021,'20','08/11/2020','16:00',20,0,1,3),(3022,'20','08/11/2020','16:00',4,2,2,18),(3023,'20','08/11/2020','18:15',11,1,1,10),(3024,'20','08/11/2020','18:15',9,4,0,12),(3025,'20','08/11/2020','18:15',13,1,0,1),(3026,'20','08/11/2020','20:30',5,0,1,7),(3027,'20','08/11/2020','20:30',22,0,0,24),(3028,'21','14/11/2020','16:30',10,2,0,4),(3029,'21','14/11/2020','16:30',24,0,2,20),(3030,'21','14/11/2020','17:00',14,0,1,15),(3031,'21','14/11/2020','19:00',16,1,2,9),(3032,'21','14/11/2020','19:00',7,4,2,22),(3033,'21','14/11/2020','19:00',2,2,3,8),(3034,'21','14/11/2020','21:30',12,1,1,28),(3035,'21','16/11/2020','18:00',18,1,2,13),(3036,'21','16/11/2020','20:00',1,1,2,11),(3037,'21','14/11/2020','21:30',3,2,0,5),(3038,'22','20/11/2020','20:00',11,4,0,13),(3039,'22','21/11/2020','19:00',12,3,1,18),(3040,'22','21/11/2020','19:00',15,1,0,10),(3041,'22','21/11/2020','21:00',14,1,0,3),(3042,'22','22/11/2020','16:00',8,1,1,20),(3043,'22','22/11/2020','16:00',22,2,2,9),(3044,'22','22/11/2020','18:15',1,1,2,2),(3045,'22','22/11/2020','18:15',4,1,2,5),(3046,'22','22/11/2020','20:30',16,0,0,7),(3047,'22','23/11/2020','20:00',24,0,1,28),(3048,'23','25/11/2020','21:30',9,2,1,1),(3049,'23','25/11/2020','21:30',18,0,1,16),(3050,'23','26/11/2020','20:00',2,1,1,14),(3051,'23','28/11/2020','17:00',10,4,2,24),(3052,'23','28/11/2020','19:00',13,1,3,8),(3053,'23','28/11/2020','21:00',28,0,0,4),(3054,'23','30/11/2020','18:00',20,1,4,22),(3055,'23','30/11/2020','20:00',5,0,0,11),(3056,'23','28/11/2020','17:00',3,3,0,15),(3057,'23','28/01/2021','20:00',7,2,4,12),(3058,'24','02/12/2020','21:30',2,0,0,16),(3059,'24','05/12/2020','17:00',1,0,1,12),(3060,'24','05/12/2020','17:00',10,2,2,3),(3061,'24','05/12/2020','19:00',5,3,1,15),(3062,'24','05/12/2020','19:00',13,0,2,22),(3063,'24','05/12/2020','21:00',18,0,0,11),(3064,'24','06/12/2020','16:00',8,1,0,24),(3065,'24','06/12/2020','16:00',7,4,0,20),(3066,'24','06/12/2020','18:15',9,2,2,4),(3067,'24','07/12/2020','20:00',28,0,1,14),(3068,'25','12/12/2020','17:00',11,2,1,2),(3069,'25','12/12/2020','17:00',15,0,1,9),(3070,'25','12/12/2020','19:00',4,2,1,1),(3071,'25','12/12/2020','21:00',22,1,2,28),(3072,'25','12/12/2020','21:00',14,0,0,7),(3073,'25','13/12/2020','16:00',12,4,1,10),(3074,'25','13/12/2020','18:15',16,1,0,8),(3075,'25','13/12/2020','18:15',24,1,0,18),(3076,'25','13/12/2020','20:30',20,1,1,5),(3077,'25','12/12/2020','19:00',3,3,0,13),(3078,'26','16/12/2020','21:30',8,3,0,9),(3079,'26','16/12/2020','21:30',28,2,1,5),(3080,'26','19/12/2020','19:00',24,1,1,7),(3081,'26','19/12/2020','21:00',4,2,0,3),(3082,'26','19/12/2020','21:00',18,1,2,1),(3083,'26','20/12/2020','16:00',20,1,0,10),(3084,'26','20/12/2020','16:00',11,0,1,15),(3085,'26','20/12/2020','18:15',12,4,3,13),(3086,'26','20/12/2020','20:30',2,0,2,22),(3087,'26','21/12/2020','20:00',16,2,1,14),(3088,'27','26/12/2020','17:00',9,2,0,18),(3089,'27','26/12/2020','19:00',2,0,0,12),(3090,'27','26/12/2020','19:00',14,1,0,24),(3091,'27','26/12/2020','21:00',5,1,2,8),(3092,'27','27/12/2020','16:00',1,0,2,16),(3093,'27','27/12/2020','16:00',13,1,2,4),(3094,'27','27/12/2020','18:15',10,1,1,22),(3095,'27','27/12/2020','18:15',15,3,0,20),(3096,'27','27/12/2020','20:30',7,2,1,28),(3097,'27','27/12/2020','18:15',3,1,0,11),(3098,'28','06/01/2021','19:15',1,0,2,15),(3099,'28','06/01/2021','19:15',7,2,1,13),(3100,'28','06/01/2021','20:30',24,1,0,2),(3101,'28','06/01/2021','20:30',18,1,2,14),(3102,'28','06/01/2021','21:30',12,1,2,5),(3103,'28','06/01/2021','21:30',11,4,2,8),(3104,'28','07/01/2021','19:00',22,0,2,4),(3105,'28','07/01/2021','21:00',28,0,0,20),(3106,'28','18/01/2021','19:00',3,4,0,16),(3107,'28','26/01/2021','20:00',9,2,0,10),(3108,'29','09/01/2021','19:00',24,0,1,3),(3109,'29','09/01/2021','19:00',18,0,0,15),(3110,'29','09/01/2021','21:00',2,0,0,7),(3111,'29','10/01/2021','16:00',12,0,2,22),(3112,'29','10/01/2021','16:00',8,0,1,10),(3113,'29','10/01/2021','18:15',4,1,0,14),(3114,'29','10/01/2021','18:15',28,1,1,13),(3115,'29','10/01/2021','20:30',20,3,0,1),(3116,'29','11/01/2021','20:00',11,2,2,9),(3117,'29','13/01/2021','21:30',16,5,0,5),(3118,'30','16/01/2021','19:00',5,1,0,24),(3119,'30','16/01/2021','21:00',20,0,1,18),(3120,'30','17/01/2021','16:00',10,2,1,1),(3121,'30','17/01/2021','16:00',15,1,1,8),(3122,'30','17/01/2021','18:15',9,3,1,28),(3123,'30','17/01/2021','20:30',4,4,2,2),(3124,'30','17/01/2021','20:30',22,1,2,11),(3125,'30','18/01/2021','20:00',14,0,3,12),(3126,'30','15/01/2021','21:30',3,1,1,7),(3127,'30','28/01/2021','19:00',13,2,1,16),(3128,'31','20/01/2021','17:00',1,1,3,28),(3129,'31','20/01/2021','18:00',13,1,0,15),(3130,'31','20/01/2021','19:15',7,1,1,9),(3131,'31','20/01/2021','20:30',18,3,3,5),(3132,'31','20/01/2021','21:30',8,1,5,4),(3133,'31','20/01/2021','21:30',11,4,1,20),(3134,'31','21/01/2021','19:00',12,2,0,3),(3135,'31','21/01/2021','19:00',2,2,0,10),(3136,'31','21/01/2021','19:00',14,0,4,22),(3137,'31','21/01/2021','21:00',16,3,0,24),(3138,'32','23/01/2021','19:00',8,1,1,18),(3139,'32','23/01/2021','21:00',20,3,2,9),(3140,'32','24/01/2021','16:00',4,2,1,7),(3141,'32','24/01/2021','16:00',15,2,1,12),(3142,'32','24/01/2021','16:00',22,2,1,3),(3143,'32','24/01/2021','18:15',10,3,4,14),(3144,'32','24/01/2021','18:15',24,2,0,13),(3145,'32','24/01/2021','18:15',28,2,0,2),(3146,'32','24/01/2021','20:30',5,2,0,1),(3147,'32','25/01/2021','20:00',16,0,2,11),(3148,'33','31/01/2021','16:00',20,0,0,13),(3149,'33','31/01/2021','16:00',18,1,1,7),(3150,'33','31/01/2021','16:00',22,0,2,15),(3151,'33','31/01/2021','16:00',28,2,1,8),(3152,'33','31/01/2021','17:00',9,2,0,2),(3153,'33','31/01/2021','18:15',4,2,1,11),(3154,'33','31/01/2021','20:30',5,3,0,14),(3155,'33','01/02/2021','20:00',24,0,3,12),(3156,'33','02/02/2021','16:00',3,1,1,1),(3157,'33','17/02/2021','19:00',10,1,0,16),(3158,'34','03/02/2021','16:00',7,3,3,10),(3159,'34','03/02/2021','19:15',11,2,0,28),(3160,'34','03/02/2021','21:30',16,2,1,22),(3161,'34','03/02/2021','21:30',13,0,1,5),(3162,'34','03/02/2021','21:30',14,1,0,9),(3163,'34','04/02/2021','18:30',2,3,1,18),(3164,'34','04/02/2021','21:00',12,2,0,20),(3165,'34','04/02/2021','21:00',15,0,0,4),(3166,'34','05/02/2021','20:00',1,0,1,24),(3167,'34','19/02/2021','21:30',8,1,1,3),(3168,'35','06/02/2021','19:00',13,3,3,14),(3169,'35','06/02/2021','21:00',28,1,1,10),(3170,'35','07/02/2021','20:30',11,1,1,12),(3171,'35','08/02/2021','20:00',1,2,5,7),(3172,'35','10/02/2021','19:00',4,1,2,24),(3173,'35','10/02/2021','19:15',2,3,0,20),(3174,'35','10/02/2021','21:00',8,1,1,22),(3175,'35','10/02/2021','21:30',5,0,0,9),(3176,'35','10/02/2021','21:30',16,3,3,15),(3177,'35','17/02/2021','19:30',18,1,0,3),(3178,'36','13/02/2021','17:00',14,2,0,1),(3179,'36','13/02/2021','19:00',10,2,0,18),(3180,'36','13/02/2021','19:00',9,1,1,13),(3181,'36','14/02/2021','16:00',12,2,1,16),(3182,'36','14/02/2021','16:00',20,0,2,4),(3183,'36','14/02/2021','18:15',3,3,0,2),(3184,'36','14/02/2021','18:15',15,2,1,28),(3185,'36','14/02/2021','20:30',7,1,2,8),(3186,'36','15/02/2021','18:00',22,1,3,5),(3187,'36','15/02/2021','20:00',24,0,0,11),(3188,'37','20/02/2021','18:30',18,0,2,22),(3189,'37','20/02/2021','21:00',2,0,4,13),(3190,'37','21/02/2021','16:00',12,2,1,4),(3191,'37','21/02/2021','16:00',16,0,0,20),(3192,'37','21/02/2021','16:00',24,2,3,9),(3193,'37','21/02/2021','18:15',10,1,1,5),(3194,'37','21/02/2021','18:15',7,1,0,15),(3195,'37','21/02/2021','20:30',14,0,0,11),(3196,'37','22/02/2021','18:00',3,1,1,28),(3197,'37','22/02/2021','20:00',1,1,0,8),(3198,'38','25/02/2021','21:30',5,2,0,2),(3199,'38','25/02/2021','21:30',20,3,2,14),(3200,'38','25/02/2021','21:30',8,2,1,12),(3201,'38','25/02/2021','21:30',11,1,0,7),(3202,'38','25/02/2021','21:30',9,2,0,3),(3203,'38','25/02/2021','21:30',4,0,0,16),(3204,'38','25/02/2021','21:30',13,2,0,10),(3205,'38','25/02/2021','21:30',15,2,0,24),(3206,'38','25/02/2021','21:30',22,2,1,1),(3207,'38','25/02/2021','21:30',28,3,1,18),(3208,'1','29/05/2021','19:00',17,2,2,29),(3209,'1','29/05/2021','20:00',13,3,0,10),(3210,'1','29/05/2021','21:00',8,0,0,5),(3211,'1','30/05/2021','11:00',9,1,2,2),(3212,'1','30/05/2021','16:00',12,1,0,3),(3213,'1','30/05/2021','16:00',22,3,2,7),(3214,'1','30/05/2021','18:15',16,0,1,28),(3215,'1','30/05/2021','18:15',15,1,0,19),(3216,'1','30/05/2021','18:15',23,0,3,11),(3217,'1','30/05/2021','20:30',4,2,2,24),(3218,'2','05/06/2021','19:00',28,2,0,8),(3219,'2','05/06/2021','21:00',10,3,1,22),(3220,'2','05/06/2021','21:00',11,3,3,13),(3221,'2','06/06/2021','11:00',5,1,0,17),(3222,'2','06/06/2021','16:00',19,0,1,16),(3223,'2','06/06/2021','16:00',2,5,1,4),(3224,'2','06/06/2021','18:15',3,3,1,23),(3225,'2','06/06/2021','18:15',29,0,3,15),(3226,'2','06/06/2021','20:30',24,0,1,9),(3227,'2','23/11/2021','21:00',7,2,2,12),(3228,'3','12/06/2021','19:00',3,1,1,16),(3229,'3','12/06/2021','19:00',10,0,0,29),(3230,'3','13/06/2021','16:00',12,2,0,19),(3231,'3','13/06/2021','16:00',9,1,0,8),(3232,'3','13/06/2021','16:00',7,0,1,15),(3233,'3','13/06/2021','20:30',2,1,0,24),(3234,'3','13/06/2021','20:30',13,0,1,4),(3235,'3','13/06/2021','20:30',11,2,2,5),(3236,'3','13/06/2021','20:30',23,0,0,22),(3237,'3','21/07/2021','19:00',17,2,1,28),(3238,'4','16/06/2021','19:00',8,1,1,23),(3239,'4','16/06/2021','19:00',4,0,1,9),(3240,'4','16/06/2021','20:30',16,1,2,11),(3241,'4','16/06/2021','21:30',29,0,3,3),(3242,'4','17/06/2021','16:00',19,0,0,17),(3243,'4','17/06/2021','16:00',22,1,2,13),(3244,'4','17/06/2021','19:00',5,1,0,10),(3245,'4','17/06/2021','19:00',24,1,0,7),(3246,'4','17/06/2021','19:00',28,0,0,2),(3247,'4','02/11/2021','16:00',15,2,2,12),(3248,'5','19/06/2021','21:00',12,2,3,11),(3249,'5','20/06/2021','11:00',3,2,1,19),(3250,'5','20/06/2021','16:00',4,1,1,22),(3251,'5','20/06/2021','16:00',13,0,0,16),(3252,'5','20/06/2021','18:15',10,2,0,8),(3253,'5','20/06/2021','18:15',2,1,1,5),(3254,'5','20/06/2021','18:15',15,2,1,28),(3255,'5','20/06/2021','20:30',29,1,0,24),(3256,'5','21/06/2021','20:00',9,1,1,23),(3257,'5','18/08/2021','19:00',17,0,1,7),(3258,'6','23/06/2021','19:00',12,2,1,2),(3259,'6','23/06/2021','19:00',8,2,2,17),(3260,'6','23/06/2021','19:00',11,3,1,3),(3261,'6','23/06/2021','19:00',28,1,0,5),(3262,'6','24/06/2021','16:00',19,1,1,29),(3263,'6','24/06/2021','19:00',16,2,1,24),(3264,'6','24/06/2021','19:00',22,2,1,9),(3265,'6','24/06/2021','19:00',23,1,2,4),(3266,'6','24/06/2021','21:30',7,2,2,10),(3267,'6','24/06/2021','21:30',13,2,1,15),(3268,'7','27/06/2021','11:00',29,1,0,12),(3269,'7','27/06/2021','16:00',5,1,1,16),(3270,'7','27/06/2021','20:00',3,3,2,13),(3271,'7','27/06/2021','20:00',7,0,0,2),(3272,'7','27/06/2021','20:00',15,2,2,23),(3273,'7','27/06/2021','20:30',10,2,0,9),(3274,'7','27/06/2021','20:30',19,1,1,4),(3275,'7','27/06/2021','20:30',22,1,1,8),(3276,'7','27/06/2021','20:30',24,0,0,17),(3277,'7','28/06/2021','20:00',28,0,1,11),(3278,'8','30/06/2021','16:00',5,1,4,15),(3279,'8','30/06/2021','16:00',2,3,2,23),(3280,'8','30/06/2021','19:00',4,1,2,3),(3281,'8','30/06/2021','19:00',13,3,4,19),(3282,'8','30/06/2021','20:30',10,0,0,24),(3283,'8','30/06/2021','21:30',16,0,0,8),(3284,'8','30/06/2021','21:30',29,2,0,7),(3285,'8','01/07/2021','16:00',11,0,0,22),(3286,'8','01/07/2021','19:00',9,4,1,28),(3287,'8','01/07/2021','20:00',17,0,2,12),(3288,'9','03/07/2021','19:00',19,2,0,10),(3289,'9','03/07/2021','19:00',15,2,1,2),(3290,'9','03/07/2021','21:00',16,1,1,4),(3291,'9','04/07/2021','11:00',23,0,2,13),(3292,'9','04/07/2021','16:00',12,0,1,5),(3293,'9','04/07/2021','16:00',24,0,1,3),(3294,'9','04/07/2021','18:15',8,1,2,11),(3295,'9','04/07/2021','18:15',22,2,0,29),(3296,'9','04/07/2021','18:15',17,0,1,9),(3297,'9','04/07/2021','20:30',7,0,1,28),(3298,'10','06/07/2021','19:30',10,2,1,15),(3299,'10','07/07/2021','18:00',2,4,0,19),(3300,'10','07/07/2021','18:00',13,1,0,29),(3301,'10','07/07/2021','18:00',11,1,1,17),(3302,'10','07/07/2021','19:00',3,2,0,7),(3303,'10','07/07/2021','19:00',9,2,1,12),(3304,'10','07/07/2021','19:15',28,1,1,24),(3305,'10','07/07/2021','21:30',5,0,0,22),(3306,'10','07/07/2021','21:30',4,0,2,8),(3307,'10','08/07/2021','21:00',23,0,1,16),(3308,'11','10/07/2021','16:30',3,3,2,10),(3309,'11','10/07/2021','16:30',7,0,0,4),(3310,'11','10/07/2021','17:30',15,2,2,11),(3311,'11','10/07/2021','19:00',8,1,0,13),(3312,'11','10/07/2021','19:00',19,0,1,9),(3313,'11','10/07/2021','19:00',24,1,2,5),(3314,'11','11/07/2021','11:00',29,1,1,28),(3315,'11','11/07/2021','18:15',12,2,1,23),(3316,'11','11/07/2021','18:15',17,2,2,22),(3317,'11','11/07/2021','20:30',2,1,0,16),(3318,'12','17/07/2021','17:00',8,0,1,2),(3319,'12','17/07/2021','17:00',22,1,0,15),(3320,'12','17/07/2021','19:00',16,1,2,9),(3321,'12','17/07/2021','21:00',5,0,1,7),(3322,'12','18/07/2021','11:00',23,2,3,17),(3323,'12','18/07/2021','16:00',28,0,3,3),(3324,'12','18/07/2021','18:15',13,0,5,12),(3325,'12','18/07/2021','20:30',4,1,0,29),(3326,'12','18/07/2021','20:30',11,2,2,10),(3327,'12','19/07/2021','20:00',19,0,1,24),(3328,'13','24/07/2021','17:00',7,1,1,19),(3329,'13','24/07/2021','19:00',3,1,0,5),(3330,'13','25/07/2021','11:00',9,3,0,23),(3331,'13','25/07/2021','16:00',12,5,1,8),(3332,'13','25/07/2021','16:00',2,1,0,11),(3333,'13','25/07/2021','18:15',10,0,1,28),(3334,'13','25/07/2021','18:15',15,2,1,4),(3335,'13','25/07/2021','20:30',24,0,0,22),(3336,'13','26/07/2021','18:00',29,1,0,23),(3337,'13','26/07/2021','20:00',17,1,2,16),(3338,'14','31/07/2021','19:00',8,0,0,3),(3339,'14','31/07/2021','20:00',4,0,0,17),(3340,'14','31/07/2021','21:00',11,1,0,7),(3341,'14','01/08/2021','16:00',16,1,3,12),(3342,'14','01/08/2021','16:00',9,2,0,15),(3343,'14','01/08/2021','18:15',13,0,1,24),(3344,'14','01/08/2021','18:15',23,0,1,10),(3345,'14','01/08/2021','20:30',22,3,1,2),(3346,'14','01/08/2021','20:30',28,1,1,19),(3347,'14','02/09/2021','19:00',5,1,1,29),(3348,'15','06/08/2021','19:00',24,0,0,11),(3349,'15','07/08/2021','18:00',15,1,2,8),(3350,'15','07/08/2021','21:00',3,2,3,2),(3351,'15','07/08/2021','21:00',17,1,1,13),(3352,'15','08/08/2021','16:00',10,0,0,16),(3353,'15','08/08/2021','16:00',19,1,0,5),(3354,'15','08/08/2021','16:00',29,1,2,9),(3355,'15','08/08/2021','18:15',12,0,4,4),(3356,'15','08/08/2021','18:15',22,0,0,28),(3357,'15','09/08/2021','20:00',7,2,1,23),(3358,'16','14/08/2021','17:00',11,1,2,29),(3359,'16','14/08/2021','19:00',9,2,0,3),(3360,'16','14/08/2021','21:00',8,2,1,7),(3361,'16','15/08/2021','16:00',12,2,0,24),(3362,'16','15/08/2021','16:00',16,3,1,22),(3363,'16','15/08/2021','18:15',2,1,1,10),(3364,'16','15/08/2021','18:15',13,1,2,28),(3365,'16','15/08/2021','18:15',17,1,0,15),(3366,'16','15/08/2021','20:30',4,4,2,5),(3367,'16','16/08/2021','20:00',23,1,1,19),(3368,'17','21/08/2021','17:00',28,1,1,23),(3369,'17','21/08/2021','19:00',7,2,0,13),(3370,'17','21/08/2021','21:00',29,1,1,2),(3371,'17','22/08/2021','11:00',3,0,2,17),(3372,'17','22/08/2021','16:00',22,1,1,12),(3373,'17','22/08/2021','16:00',15,0,1,16),(3374,'17','22/08/2021','18:15',10,2,2,4),(3375,'17','22/08/2021','20:30',24,0,1,8),(3376,'17','23/08/2021','20:00',5,1,1,9),(3377,'17','23/08/2021','20:00',19,0,2,11),(3378,'18','28/08/2021','17:00',24,0,0,23),(3379,'18','28/08/2021','19:00',10,0,4,12),(3380,'18','28/08/2021','21:00',3,2,1,15),(3381,'18','28/08/2021','21:00',7,0,1,16),(3382,'18','29/08/2021','11:00',19,2,0,22),(3383,'18','29/08/2021','16:00',29,1,1,8),(3384,'18','29/08/2021','18:15',28,0,0,4),(3385,'18','29/08/2021','20:30',11,1,1,9),(3386,'18','30/08/2021','19:00',5,2,0,13),(3387,'18','30/08/2021','21:30',2,0,0,17),(3388,'19','04/09/2021','21:00',13,4,2,2),(3389,'19','04/09/2021','21:00',17,2,1,10),(3390,'19','05/09/2021','18:15',15,0,0,24),(3391,'19','07/09/2021','21:30',16,1,1,29),(3392,'19','07/09/2021','21:30',23,1,2,5),(3393,'19','22/09/2021','20:30',8,0,0,19),(3394,'19','20/10/2021','19:00',22,1,2,3),(3395,'19','21/10/2021','20:00',4,1,1,11),(3396,'19','03/11/2021','21:00',9,2,1,7),(3397,'19','05/11/2021','21:30',12,2,0,28),(3398,'20','11/09/2021','16:00',19,2,0,15),(3399,'20','11/09/2021','17:00',29,1,2,17),(3400,'20','11/09/2021','19:00',11,1,2,23),(3401,'20','11/09/2021','21:00',10,0,0,13),(3402,'20','12/09/2021','11:00',7,2,0,22),(3403,'20','12/09/2021','16:00',3,1,3,12),(3404,'20','12/09/2021','16:00',2,0,2,9),(3405,'20','12/09/2021','18:15',28,1,1,16),(3406,'20','12/09/2021','20:30',5,2,1,8),(3407,'20','13/09/2021','20:00',24,0,1,4),(3408,'21','18/09/2021','17:00',23,0,2,3),(3409,'21','18/09/2021','18:45',15,2,1,29),(3410,'21','18/09/2021','19:00',9,3,0,24),(3411,'21','18/09/2021','21:00',22,0,0,10),(3412,'21','18/09/2021','21:00',13,1,1,11),(3413,'21','19/09/2021','11:00',4,1,0,2),(3414,'21','19/09/2021','16:00',8,2,1,28),(3415,'21','19/09/2021','18:15',16,1,1,19),(3416,'21','19/09/2021','20:30',12,0,1,7),(3417,'21','20/09/2021','20:00',17,2,2,5),(3418,'22','25/09/2021','17:00',22,1,0,23),(3419,'22','25/09/2021','19:00',16,2,1,3),(3420,'22','25/09/2021','21:00',8,0,0,9),(3421,'22','26/09/2021','11:00',19,1,1,12),(3422,'22','26/09/2021','16:00',5,2,1,11),(3423,'22','26/09/2021','16:00',4,2,0,13),(3424,'22','26/09/2021','16:00',29,3,0,10),(3425,'22','26/09/2021','18:15',24,0,1,2),(3426,'22','26/09/2021','18:15',15,4,2,7),(3427,'22','26/09/2021','20:30',28,0,0,17),(3428,'23','02/10/2021','17:00',17,0,2,19),(3429,'23','02/10/2021','17:00',2,0,3,28),(3430,'23','02/10/2021','19:00',11,2,2,16),(3431,'23','02/10/2021','21:00',9,1,0,4),(3432,'23','03/10/2021','16:00',12,3,0,15),(3433,'23','03/10/2021','16:00',23,1,1,8),(3434,'23','03/10/2021','18:15',3,1,1,29),(3435,'23','03/10/2021','20:30',7,1,2,24),(3436,'23','27/10/2021','19:00',10,2,0,5),(3437,'23','27/10/2021','19:00',13,1,1,22),(3438,'24','05/10/2021','21:30',16,3,1,13),(3439,'24','06/10/2021','19:00',22,0,0,4),(3440,'24','06/10/2021','19:00',24,3,1,29),(3441,'24','06/10/2021','19:00',23,2,2,9),(3442,'24','06/10/2021','19:00',28,0,2,15),(3443,'24','06/10/2021','20:30',11,1,1,12),(3444,'24','06/10/2021','21:30',5,0,2,2),(3445,'24','06/10/2021','21:30',19,2,1,3),(3446,'24','06/10/2021','21:30',7,2,2,17),(3447,'24','07/10/2021','18:30',8,1,1,10),(3448,'25','09/10/2021','16:30',5,0,0,28),(3449,'25','09/10/2021','16:30',9,3,1,22),(3450,'25','09/10/2021','16:30',24,1,0,16),(3451,'25','09/10/2021','19:00',2,0,3,12),(3452,'25','09/10/2021','19:00',15,0,2,13),(3453,'25','09/10/2021','21:00',3,2,4,11),(3454,'25','09/10/2021','21:00',29,1,1,19),(3455,'25','10/10/2021','11:00',4,5,2,23),(3456,'25','10/10/2021','16:00',10,1,0,7),(3457,'25','11/10/2021','20:00',17,0,0,8),(3458,'26','12/10/2021','19:00',11,1,0,28),(3459,'26','12/10/2021','21:30',13,0,0,3),(3460,'26','13/10/2021','19:00',12,3,1,29),(3461,'26','13/10/2021','19:00',9,3,1,10),(3462,'26','13/10/2021','19:00',23,1,1,15),(3463,'26','13/10/2021','20:30',2,1,0,7),(3464,'26','13/10/2021','21:00',16,1,0,5),(3465,'26','13/10/2021','21:30',4,3,1,19),(3466,'26','14/10/2021','19:00',8,1,1,22),(3467,'26','14/10/2021','19:00',17,1,0,24),(3468,'27','16/10/2021','19:00',23,1,2,2),(3469,'27','16/10/2021','21:00',19,0,0,13),(3470,'27','17/10/2021','16:00',3,1,0,4),(3471,'27','17/10/2021','16:00',15,0,1,5),(3472,'27','17/10/2021','18:15',7,3,2,29),(3473,'27','17/10/2021','18:15',22,2,2,11),(3474,'27','17/10/2021','18:15',28,2,1,9),(3475,'27','17/10/2021','20:30',12,0,0,17),(3476,'27','17/10/2021','20:30',24,0,0,10),(3477,'27','18/10/2021','20:00',8,1,0,16),(3478,'28','23/10/2021','17:00',10,0,2,19),(3479,'28','23/10/2021','17:00',29,0,0,22),(3480,'28','23/10/2021','19:00',5,3,1,12),(3481,'28','23/10/2021','19:15',2,3,0,15),(3482,'28','24/10/2021','16:00',9,2,1,17),(3483,'28','24/10/2021','16:00',4,2,2,16),(3484,'28','24/10/2021','18:15',11,1,0,8),(3485,'28','24/10/2021','20:30',13,3,0,23),(3486,'28','25/10/2021','20:00',28,2,0,7),(3487,'28','25/10/2021','21:30',3,2,1,24),(3488,'29','30/10/2021','17:00',15,0,1,10),(3489,'29','30/10/2021','19:00',12,1,0,9),(3490,'29','30/10/2021','19:15',29,0,0,13),(3491,'29','30/10/2021','21:00',19,2,1,2),(3492,'29','31/10/2021','16:00',7,1,3,3),(3493,'29','31/10/2021','16:00',22,1,0,5),(3494,'29','31/10/2021','18:15',8,1,0,4),(3495,'29','31/10/2021','20:30',24,2,0,28),(3496,'29','01/11/2021','20:00',17,1,0,11),(3497,'29','01/11/2021','21:30',16,1,0,23),(3498,'30','06/11/2021','17:00',16,1,0,2),(3499,'30','06/11/2021','19:00',4,1,0,7),(3500,'30','06/11/2021','21:00',5,1,0,24),(3501,'30','07/11/2021','16:00',10,0,2,3),(3502,'30','07/11/2021','16:00',9,1,0,19),(3503,'30','07/11/2021','16:00',11,0,2,15),(3504,'30','07/11/2021','18:15',13,1,0,8),(3505,'30','07/11/2021','20:30',22,1,0,17),(3506,'30','08/11/2021','20:00',23,2,2,12),(3507,'30','23/11/2021','19:00',28,1,1,29),(3508,'31','04/11/2021','21:00',17,0,0,23),(3509,'31','09/11/2021','21:30',7,1,0,5),(3510,'31','10/11/2021','18:30',15,2,1,22),(3511,'31','10/11/2021','19:00',10,2,0,11),(3512,'31','10/11/2021','19:00',9,3,0,16),(3513,'31','10/11/2021','20:30',3,4,0,28),(3514,'31','10/11/2021','21:30',2,1,1,8),(3515,'31','10/11/2021','21:30',24,2,3,19),(3516,'31','10/11/2021','21:30',29,2,1,4),(3517,'31','11/11/2021','19:00',12,3,0,13),(3518,'32','13/11/2021','17:00',28,0,0,10),(3519,'32','13/11/2021','18:30',19,3,1,7),(3520,'32','13/11/2021','19:00',4,2,1,15),(3521,'32','13/11/2021','19:00',11,3,0,2),(3522,'32','13/11/2021','21:00',16,3,2,17),(3523,'32','14/11/2021','16:00',8,0,4,12),(3524,'32','14/11/2021','18:15',5,2,1,3),(3525,'32','14/11/2021','19:00',22,2,1,24),(3526,'32','14/11/2021','19:00',23,0,2,29),(3527,'32','02/12/2021','18:00',13,2,3,9),(3528,'33','16/11/2021','16:00',15,0,1,9),(3529,'33','16/11/2021','18:00',7,3,0,11),(3530,'33','17/11/2021','19:00',10,2,0,23),(3531,'33','17/11/2021','19:00',19,0,0,28),(3532,'33','17/11/2021','19:00',17,1,0,4),(3533,'33','17/11/2021','20:00',2,0,4,22),(3534,'33','17/11/2021','20:30',3,0,2,8),(3535,'33','17/11/2021','20:30',29,1,0,5),(3536,'33','17/11/2021','21:30',12,1,0,16),(3537,'33','18/11/2021','21:00',24,1,0,13),(3538,'34','28/10/2021','19:00',11,3,0,24),(3539,'34','20/11/2021','19:00',2,1,0,3),(3540,'34','20/11/2021','19:00',9,2,0,29),(3541,'34','20/11/2021','19:00',23,1,3,7),(3542,'34','20/11/2021','21:00',28,1,1,22),(3543,'34','20/11/2021','21:30',4,1,2,12),(3544,'34','21/11/2021','16:00',16,2,0,10),(3545,'34','21/11/2021','17:00',5,2,0,19),(3546,'34','21/11/2021','19:00',13,0,0,17),(3547,'34','24/11/2021','21:30',8,0,0,15),(3548,'35','23/11/2021','21:30',3,2,2,9),(3549,'35','24/11/2021','21:30',5,1,0,4),(3550,'35','25/11/2021','19:00',10,2,0,2),(3551,'35','25/11/2021','20:00',22,2,1,16),(3552,'35','29/11/2021','19:00',28,2,1,13),(3553,'35','30/11/2021','19:00',29,1,0,11),(3554,'35','30/11/2021','21:00',19,3,0,23),(3555,'35','02/12/2021','20:00',7,3,0,8),(3556,'35','03/12/2021','19:00',15,1,0,17),(3557,'35','03/12/2021','20:00',24,1,1,12),(3558,'36','26/11/2021','19:00',13,3,1,7),(3559,'36','27/11/2021','19:30',11,1,1,19),(3560,'36','27/11/2021','21:30',8,2,0,24),(3561,'36','28/11/2021','16:00',16,1,0,15),(3562,'36','28/11/2021','16:00',9,2,1,5),(3563,'36','28/11/2021','19:00',4,1,1,10),(3564,'36','30/11/2021','20:00',12,2,1,22),(3565,'36','30/11/2021','22:00',17,1,3,3),(3566,'36','03/12/2021','20:00',23,0,1,28),(3567,'36','03/12/2021','21:00',2,1,0,29),(3568,'37','05/12/2021','16:00',16,1,1,7),(3569,'37','05/12/2021','16:00',9,4,3,11),(3570,'37','05/12/2021','16:00',13,2,0,5),(3571,'37','05/12/2021','19:00',22,0,0,19),(3572,'37','06/12/2021','19:00',8,3,1,29),(3573,'37','06/12/2021','19:00',15,0,0,3),(3574,'37','06/12/2021','20:00',12,0,1,10),(3575,'37','06/12/2021','20:00',4,1,2,28),(3576,'37','06/12/2021','20:00',17,1,0,2),(3577,'37','06/12/2021','21:00',23,0,1,24),(3578,'38','09/12/2021','21:30',5,3,0,23),(3579,'38','09/12/2021','21:30',3,1,0,22),(3580,'38','09/12/2021','21:30',10,1,1,17),(3581,'38','09/12/2021','21:30',19,2,0,8),(3582,'38','09/12/2021','21:30',7,4,3,9),(3583,'38','09/12/2021','21:30',2,2,1,13),(3584,'38','09/12/2021','21:30',24,1,1,15),(3585,'38','09/12/2021','21:30',11,1,0,4),(3586,'38','09/12/2021','21:30',29,1,0,16),(3587,'38','09/12/2021','21:30',28,2,0,12),(3598,'1','09/04/2022','16:30',5,0,0,10),(3599,'1','09/04/2022','19:00',28,1,1,12),(3600,'1','09/04/2022','21:00',3,2,3,22),(3601,'1','10/04/2022','11:00',18,3,0,14),(3602,'1','10/04/2022','16:00',9,2,0,4),(3603,'1','10/04/2022','16:00',1,1,3,16),(3604,'1','10/04/2022','18:00',2,0,1,17),(3605,'1','10/04/2022','19:00',26,1,0,19),(3606,'1','10/04/2022','19:00',8,4,0,15),(3607,'1','11/04/2022','20:00',29,2,2,11),(3608,'2','16/04/2022','16:30',14,1,1,3),(3609,'2','16/04/2022','19:00',19,4,1,29),(3610,'2','16/04/2022','19:00',16,3,0,26),(3611,'2','16/04/2022','21:00',17,0,1,5),(3612,'2','17/04/2022','11:00',10,2,1,18),(3613,'2','17/04/2022','16:00',12,3,1,8),(3614,'2','17/04/2022','18:00',11,4,0,28),(3615,'2','17/04/2022','18:00',15,0,1,9),(3616,'2','17/04/2022','18:00',4,2,1,2),(3617,'2','17/04/2022','19:00',22,1,3,1),(3618,'3','23/04/2022','16:30',11,1,1,8),(3619,'3','23/04/2022','16:30',15,1,0,12),(3620,'3','23/04/2022','19:00',5,0,1,4),(3621,'3','23/04/2022','19:00',3,3,0,16),(3622,'3','23/04/2022','21:00',9,2,2,18),(3623,'3','24/04/2022','16:00',10,3,0,19),(3624,'3','24/04/2022','18:00',29,0,1,17),(3625,'3','24/04/2022','18:30',28,1,1,1),(3626,'3','25/04/2022','20:00',26,3,2,14),(3627,'3','01/06/2022','20:30',2,0,1,22),(3628,'4','20/04/2022','19:30',12,0,0,3),(3629,'4','30/04/2022','16:30',19,1,0,15),(3630,'4','30/04/2022','16:30',22,0,1,11),(3631,'4','30/04/2022','18:30',14,2,2,9),(3632,'4','30/04/2022','19:00',17,1,1,28),(3633,'4','01/05/2022','11:00',1,1,1,29),(3634,'4','01/05/2022','16:00',16,1,0,2),(3635,'4','01/05/2022','16:00',18,3,2,5),(3636,'4','01/05/2022','19:00',4,0,0,26),(3637,'4','02/05/2022','20:00',8,2,1,10),(3638,'5','07/05/2022','16:30',9,1,2,19),(3639,'5','07/05/2022','20:30',15,1,0,22),(3640,'5','08/05/2022','11:00',12,0,1,1),(3641,'5','08/05/2022','16:00',3,1,1,5),(3642,'5','08/05/2022','16:00',28,0,1,14),(3643,'5','08/05/2022','18:00',11,0,1,16),(3644,'5','08/05/2022','18:00',10,4,1,17),(3645,'5','08/05/2022','19:00',29,1,1,4),(3646,'5','08/05/2022','19:00',2,1,1,8),(3647,'5','09/05/2022','20:00',26,2,1,18),(3648,'6','14/05/2022','16:30',3,2,0,11),(3649,'6','14/05/2022','16:30',22,2,2,12),(3650,'6','14/05/2022','19:00',9,2,0,28),(3651,'6','14/05/2022','19:00',4,2,2,16),(3652,'6','14/05/2022','21:00',5,2,1,15),(3653,'6','15/05/2022','16:00',8,2,1,17),(3654,'6','15/05/2022','17:30',18,1,0,19),(3655,'6','15/05/2022','18:00',26,1,2,29),(3656,'6','15/05/2022','18:00',1,3,1,2),(3657,'6','15/05/2022','19:00',14,1,0,10),(3658,'7','11/05/2022','20:30',11,1,1,9),(3659,'7','21/05/2022','16:30',12,1,0,14),(3660,'7','21/05/2022','16:30',28,2,0,18),(3661,'7','21/05/2022','18:30',10,0,0,22),(3662,'7','21/05/2022','19:00',29,0,3,3),(3663,'7','21/05/2022','21:00',19,1,1,1),(3664,'7','21/05/2022','21:00',17,1,1,4),(3665,'7','22/05/2022','16:00',16,1,1,8),(3666,'7','22/05/2022','16:00',2,0,1,5),(3667,'7','22/05/2022','19:00',15,2,1,26),(3668,'8','28/05/2022','16:30',14,1,1,11),(3669,'8','28/05/2022','19:00',8,2,2,22),(3670,'8','28/05/2022','20:30',2,1,1,29),(3671,'8','29/05/2022','16:00',10,0,1,3),(3672,'8','29/05/2022','16:00',18,1,0,1),(3673,'8','29/05/2022','18:00',5,1,2,12),(3674,'8','29/05/2022','18:00',16,1,1,19),(3675,'8','29/05/2022','18:00',17,0,1,15),(3676,'8','29/05/2022','19:00',9,2,1,26),(3677,'8','30/05/2022','20:00',4,1,1,28),(3678,'9','04/06/2022','16:30',19,2,1,17),(3679,'9','04/06/2022','19:00',22,1,1,18),(3680,'9','04/06/2022','19:00',26,1,1,8),(3681,'9','04/06/2022','19:00',15,2,2,10),(3682,'9','04/06/2022','20:30',28,0,1,16),(3683,'9','05/06/2022','11:00',29,1,0,5),(3684,'9','05/06/2022','16:00',12,1,2,2),(3685,'9','05/06/2022','16:00',3,0,0,9),(3686,'9','05/06/2022','19:00',11,0,2,4),(3687,'9','06/06/2022','20:00',1,1,2,14),(3688,'10','07/06/2022','21:30',17,1,0,16),(3689,'10','08/06/2022','19:00',19,0,2,22),(3690,'10','08/06/2022','19:00',29,1,3,15),(3691,'10','08/06/2022','20:30',11,1,0,12),(3692,'10','08/06/2022','20:30',28,2,1,26),(3693,'10','08/06/2022','21:30',5,5,3,9),(3694,'10','08/06/2022','21:30',10,1,1,4),(3695,'10','09/06/2022','19:00',3,4,0,1),(3696,'10','09/06/2022','20:00',18,1,1,8),(3697,'10','09/06/2022','20:00',2,1,1,14),(3698,'11','11/06/2022','16:30',16,2,0,29),(3699,'11','11/06/2022','19:00',9,1,1,10),(3700,'11','11/06/2022','19:00',5,0,2,28),(3701,'11','11/06/2022','19:00',17,1,1,11),(3702,'11','11/06/2022','21:00',4,3,1,12),(3703,'11','12/06/2022','16:00',8,1,0,19),(3704,'11','12/06/2022','16:00',14,1,1,22),(3705,'11','12/06/2022','18:00',18,0,2,3),(3706,'11','12/06/2022','19:00',2,0,0,15),(3707,'11','13/06/2022','19:00',1,0,1,26),(3708,'12','14/06/2022','21:30',29,1,2,10),(3709,'12','15/06/2022','19:00',11,4,2,18),(3710,'12','15/06/2022','19:00',22,0,0,9),(3711,'12','15/06/2022','20:30',12,2,0,17),(3712,'12','15/06/2022','20:30',14,1,2,4),(3713,'12','15/06/2022','21:30',19,0,0,5),(3714,'12','15/06/2022','21:30',15,1,1,16),(3715,'12','16/06/2022','16:00',1,1,0,8),(3716,'12','16/06/2022','18:00',3,4,2,28),(3717,'12','16/06/2022','19:00',26,3,2,2),(3718,'13','18/06/2022','19:00',17,0,0,22),(3719,'13','18/06/2022','21:00',10,2,2,11),(3720,'13','19/06/2022','16:00',9,2,0,12),(3721,'13','19/06/2022','16:00',16,1,0,14),(3722,'13','19/06/2022','16:00',18,0,1,15),(3723,'13','19/06/2022','18:00',4,2,3,1),(3724,'13','19/06/2022','18:00',28,3,1,29),(3725,'13','19/06/2022','18:00',2,1,0,19),(3726,'13','19/06/2022','19:00',5,2,0,26),(3727,'13','20/06/2022','20:00',8,1,2,3),(3728,'14','24/06/2022','21:30',4,3,0,18),(3729,'14','25/06/2022','16:30',15,4,2,11),(3730,'14','25/06/2022','19:00',16,0,0,10),(3731,'14','25/06/2022','19:00',12,3,0,19),(3732,'14','25/06/2022','21:00',9,3,2,2),(3733,'14','26/06/2022','16:00',1,0,1,5),(3734,'14','26/06/2022','16:00',26,2,2,3),(3735,'14','26/06/2022','18:00',22,1,1,28),(3736,'14','26/06/2022','18:00',14,1,0,17),(3737,'14','26/06/2022','18:00',8,0,0,29),(3738,'15','02/07/2022','16:30',5,4,0,16),(3739,'15','02/07/2022','16:30',29,1,2,9),(3740,'15','02/07/2022','19:00',10,1,2,12),(3741,'15','02/07/2022','19:00',22,1,1,4),(3742,'15','02/07/2022','21:00',3,0,2,15),(3743,'15','03/07/2022','11:00',26,1,2,17),(3744,'15','03/07/2022','16:00',28,1,2,8),(3745,'15','03/07/2022','18:00',19,1,0,14),(3746,'15','03/07/2022','18:00',18,2,1,2),(3747,'15','04/07/2022','20:00',11,0,1,1),(3748,'16','09/07/2022','16:30',11,4,0,26),(3749,'16','09/07/2022','19:00',5,2,1,22),(3750,'16','09/07/2022','20:30',14,2,1,15),(3751,'16','10/07/2022','11:00',18,2,2,29),(3752,'16','10/07/2022','16:00',16,1,0,12),(3753,'16','10/07/2022','18:00',9,0,0,8),(3754,'16','10/07/2022','18:00',10,1,0,28),(3755,'16','10/07/2022','18:00',2,0,0,3),(3756,'16','10/07/2022','19:00',17,2,0,1),(3757,'16','11/07/2022','20:00',4,1,0,19),(3758,'17','16/07/2022','16:30',15,0,0,4),(3759,'17','16/07/2022','19:00',12,2,0,18),(3760,'17','16/07/2022','19:00',26,1,0,10),(3761,'17','16/07/2022','21:00',22,3,1,16),(3762,'17','17/07/2022','11:00',29,0,0,14),(3763,'17','17/07/2022','16:00',8,2,2,5),(3764,'17','17/07/2022','18:00',1,0,1,9),(3765,'17','17/07/2022','18:00',28,0,1,2),(3766,'17','17/07/2022','19:00',19,0,3,11),(3767,'17','18/07/2022','20:00',3,1,0,17),(3768,'18','19/07/2022','21:30',22,1,0,26),(3769,'18','20/07/2022','19:00',11,2,1,2),(3770,'18','20/07/2022','19:00',14,2,3,5),(3771,'18','20/07/2022','19:30',15,4,1,28),(3772,'18','20/07/2022','20:30',12,4,0,29),(3773,'18','20/07/2022','20:30',4,3,3,8),(3774,'18','20/07/2022','21:30',16,3,1,18),(3775,'18','20/07/2022','21:30',10,2,0,1),(3776,'18','21/07/2022','19:00',17,1,1,9),(3777,'18','21/07/2022','20:00',19,0,1,3),(3778,'19','23/07/2022','19:00',8,3,3,14),(3779,'19','23/07/2022','21:00',1,2,0,15),(3780,'19','24/07/2022','11:00',26,1,2,12),(3781,'19','24/07/2022','16:00',5,2,1,11),(3782,'19','24/07/2022','16:00',3,2,1,4),(3783,'19','24/07/2022','16:00',29,1,0,22),(3784,'19','24/07/2022','18:00',9,1,2,16),(3785,'19','24/07/2022','18:00',28,0,1,19),(3786,'19','24/07/2022','19:00',2,0,0,10),(3787,'19','25/07/2022','20:00',18,1,0,17),(3788,'20','30/07/2022','16:30',22,1,2,3),(3789,'20','30/07/2022','16:30',14,1,0,18),(3790,'20','30/07/2022','19:00',16,1,0,1),(3791,'20','30/07/2022','20:30',12,4,1,28),(3792,'20','31/07/2022','16:00',4,3,0,9),(3793,'20','31/07/2022','16:00',15,1,0,8),(3794,'20','31/07/2022','18:00',19,3,1,26),(3795,'20','31/07/2022','18:00',17,0,1,2),(3796,'20','31/07/2022','19:00',11,1,0,29),(3797,'20','01/08/2022','20:00',10,2,2,5),(3798,'21','06/08/2022','16:30',29,0,1,19),(3799,'21','06/08/2022','16:30',1,1,1,22),(3800,'21','06/08/2022','19:00',28,2,1,11),(3801,'21','06/08/2022','19:00',26,1,1,16),(3802,'21','06/08/2022','20:30',8,0,2,12),(3803,'21','07/08/2022','16:00',3,3,0,14),(3804,'21','07/08/2022','16:00',5,1,0,17),(3805,'21','07/08/2022','18:00',2,3,0,4),(3806,'21','07/08/2022','19:00',9,2,3,15),(3807,'21','08/08/2022','20:00',18,1,2,10),(3808,'22','13/08/2022','16:30',14,1,1,26),(3809,'22','13/08/2022','19:00',16,0,1,3),(3810,'22','13/08/2022','20:30',17,1,0,29),(3811,'22','13/08/2022','21:00',1,0,0,28),(3812,'22','14/08/2022','11:00',18,0,1,9),(3813,'22','14/08/2022','16:00',12,5,0,15),(3814,'22','14/08/2022','16:00',8,3,0,11),(3815,'22','14/08/2022','16:00',22,0,1,2),(3816,'22','14/08/2022','18:00',19,1,0,10),(3817,'22','14/08/2022','19:00',4,3,0,5),(3818,'23','20/08/2022','16:30',9,0,1,14),(3819,'23','20/08/2022','19:00',5,5,2,18),(3820,'23','21/08/2022','11:00',29,2,2,1),(3821,'23','21/08/2022','16:00',3,1,1,12),(3822,'23','21/08/2022','18:00',11,1,1,22),(3823,'23','21/08/2022','18:00',15,1,1,19),(3824,'23','21/08/2022','18:00',28,1,1,17),(3825,'23','21/08/2022','18:00',2,1,0,16),(3826,'23','21/08/2022','19:00',10,1,0,8),(3827,'23','22/08/2022','20:00',26,0,1,4),(3828,'24','27/08/2022','16:30',14,2,1,28),(3829,'24','27/08/2022','16:30',18,1,0,26),(3830,'24','27/08/2022','19:00',5,1,1,3),(3831,'24','27/08/2022','21:00',22,0,0,15),(3832,'24','28/08/2022','16:00',19,1,1,9),(3833,'24','28/08/2022','16:00',8,0,1,2),(3834,'24','28/08/2022','18:00',1,0,1,12),(3835,'24','28/08/2022','18:00',17,0,0,10),(3836,'24','29/08/2022','20:00',4,4,0,29),(3837,'24','29/08/2022','21:30',16,1,0,11),(3838,'25','03/09/2022','16:30',29,1,1,26),(3839,'25','03/09/2022','19:00',15,1,0,5),(3840,'25','03/09/2022','19:00',11,2,2,3),(3841,'25','03/09/2022','20:30',19,2,0,18),(3842,'25','04/09/2022','11:00',12,1,1,22),(3843,'25','04/09/2022','16:00',16,2,2,4),(3844,'25','04/09/2022','16:00',2,1,3,1),(3845,'25','04/09/2022','18:00',28,0,2,9),(3846,'25','04/09/2022','19:00',17,1,1,8),(3847,'25','05/09/2022','18:00',10,1,2,14),(3848,'26','07/09/2022','17:00',9,1,1,11),(3849,'26','10/09/2022','16:30',22,2,1,10),(3850,'26','10/09/2022','16:30',4,1,0,17),(3851,'26','10/09/2022','19:00',5,2,1,2),(3852,'26','10/09/2022','21:00',3,2,1,29),(3853,'26','11/09/2022','11:00',1,0,0,19),(3854,'26','11/09/2022','11:00',26,1,1,15),(3855,'26','11/09/2022','16:00',8,1,1,16),(3856,'26','11/09/2022','16:00',18,2,0,28),(3857,'26','11/09/2022','19:00',14,1,1,12),(3858,'27','17/09/2022','16:30',26,1,0,9),(3859,'27','17/09/2022','19:00',1,2,0,18),(3860,'27','18/09/2022','11:00',11,1,1,14),(3861,'27','18/09/2022','16:00',22,0,2,8),(3862,'27','18/09/2022','18:00',19,1,0,16),(3863,'27','18/09/2022','16:00',12,1,2,5),(3864,'27','18/09/2022','18:00',29,1,1,2),(3865,'27','18/09/2022','18:30',3,1,0,10),(3866,'27','18/09/2022','19:00',15,2,2,17),(3867,'27','19/09/2022','20:00',28,1,2,4),(3868,'28','25/09/2022','20:00',8,4,0,26),(3869,'28','27/09/2022','21:00',10,2,0,15),(3870,'28','28/09/2022','19:00',5,4,0,29),(3871,'28','28/09/2022','19:00',16,2,1,28),(3872,'28','28/09/2022','19:00',2,3,2,12),(3873,'28','28/09/2022','19:00',18,1,0,22),(3874,'28','28/09/2022','21:00',17,2,1,19),(3875,'28','28/09/2022','21:45',9,0,1,3),(3876,'28','28/09/2022','21:45',4,0,0,11),(3877,'28','28/09/2022','21:45',14,0,1,1),(3878,'29','01/10/2022','15:00',4,1,0,10),(3879,'29','01/10/2022','15:00',9,2,0,5),(3880,'29','01/10/2022','15:00',22,1,2,19),(3881,'29','01/10/2022','19:00',12,4,1,11),(3882,'29','01/10/2022','19:00',14,0,1,2),(3883,'29','01/10/2022','19:00',26,1,2,28),(3884,'29','01/10/2022','19:00',15,2,0,29),(3885,'29','01/10/2022','21:00',16,2,0,17),(3886,'29','03/10/2022','20:00',1,1,3,3),(3887,'29','20/10/2022','20:00',8,3,1,18),(3888,'30','04/10/2022','21:30',29,2,2,16),(3889,'30','05/10/2022','19:00',11,2,1,17),(3890,'30','05/10/2022','19:00',22,1,1,14),(3891,'30','05/10/2022','19:00',28,3,2,5),(3892,'30','05/10/2022','19:30',15,1,1,2),(3893,'30','05/10/2022','21:30',12,0,0,4),(3894,'30','05/10/2022','21:30',10,1,2,9),(3895,'30','06/10/2022','19:00',3,4,0,18),(3896,'30','06/10/2022','20:00',26,1,2,1),(3897,'30','06/10/2022','20:00',19,1,2,8),(3898,'31','08/10/2022','19:00',17,1,2,12),(3899,'31','08/10/2022','21:00',16,2,1,15),(3900,'31','09/10/2022','11:00',4,4,2,14),(3901,'31','09/10/2022','16:00',8,0,1,1),(3902,'31','09/10/2022','16:00',2,2,0,26),(3903,'31','09/10/2022','18:00',5,0,2,19),(3904,'31','09/10/2022','18:00',9,0,0,22),(3905,'31','09/10/2022','18:00',18,2,1,11),(3906,'31','10/10/2022','18:30',28,1,1,3),(3907,'31','10/10/2022','20:00',10,4,1,29),(3908,'32','15/10/2022','19:00',3,0,0,8),(3909,'32','15/10/2022','20:30',19,1,2,2),(3910,'32','15/10/2022','20:30',12,1,0,9),(3911,'32','16/10/2022','16:00',22,1,1,17),(3912,'32','16/10/2022','18:00',1,0,1,4),(3913,'32','16/10/2022','18:00',29,1,1,28),(3914,'32','16/10/2022','19:00',15,1,0,18),(3915,'32','16/10/2022','19:00',26,0,3,5),(3916,'32','17/10/2022','20:00',11,0,2,10),(3917,'32','29/10/2022','19:30',14,0,0,16),(3918,'33','22/10/2022','16:30',11,4,2,15),(3919,'33','22/10/2022','19:00',19,1,2,12),(3920,'33','22/10/2022','19:00',10,0,1,16),(3921,'33','22/10/2022','21:00',3,3,0,26),(3922,'33','23/10/2022','16:00',5,2,2,1),(3923,'33','23/10/2022','16:00',29,1,2,8),(3924,'33','23/10/2022','18:00',28,1,0,22),(3925,'33','23/10/2022','18:00',17,1,2,14),(3926,'33','23/10/2022','18:00',18,1,1,4),(3927,'33','24/10/2022','20:00',2,0,0,9),(3928,'34','25/10/2022','21:45',12,3,2,10),(3929,'34','25/10/2022','21:45',15,1,3,3),(3930,'34','26/10/2022','19:30',1,2,1,11),(3931,'34','26/10/2022','21:45',16,0,2,5),(3932,'34','26/10/2022','21:45',4,2,1,22),(3933,'34','26/10/2022','21:45',14,2,2,19),(3934,'34','27/10/2022','19:00',8,2,1,28),(3935,'34','27/10/2022','19:00',2,3,1,18),(3936,'34','27/10/2022','20:00',17,1,0,26),(3937,'34','27/10/2022','21:30',9,1,0,29),(3938,'35','31/10/2022','20:00',22,0,1,5),(3939,'35','01/11/2022','19:00',1,0,2,17),(3940,'35','01/11/2022','21:30',8,2,2,9),(3941,'35','02/11/2022','16:00',19,1,0,4),(3942,'35','02/11/2022','16:00',15,3,2,14),(3943,'35','02/11/2022','19:00',29,0,1,18),(3944,'35','02/11/2022','19:00',28,2,3,10),(3945,'35','02/11/2022','19:00',26,1,2,11),(3946,'35','02/11/2022','21:30',3,4,0,2),(3947,'35','02/11/2022','21:30',12,1,2,16),(3948,'36','05/11/2022','16:30',5,3,1,8),(3949,'36','05/11/2022','16:30',10,1,1,26),(3950,'36','05/11/2022','19:00',11,1,4,19),(3951,'36','05/11/2022','19:00',14,1,0,29),(3952,'36','05/11/2022','20:30',16,1,0,22),(3953,'36','05/11/2022','21:00',4,2,0,15),(3954,'36','06/11/2022','16:00',18,1,0,12),(3955,'36','06/11/2022','16:00',2,1,1,28),(3956,'36','06/11/2022','18:30',17,1,1,3),(3957,'36','07/11/2022','20:00',9,0,2,1),(3958,'37','08/11/2022','21:30',8,0,1,4),(3959,'37','09/11/2022','19:00',5,3,0,14),(3960,'37','09/11/2022','19:00',26,2,0,22),(3961,'37','09/11/2022','19:00',18,2,2,16),(3962,'37','09/11/2022','20:30',2,6,0,11),(3963,'37','09/11/2022','21:30',28,1,1,15),(3964,'37','09/11/2022','21:30',3,2,1,19),(3965,'37','09/11/2022','21:30',29,2,2,12),(3966,'37','10/11/2022','20:00',9,3,0,17),(3967,'37','10/11/2022','20:00',1,3,0,10),(3968,'38','12/11/2022','16:00',12,1,2,26),(3969,'38','13/11/2022','16:00',19,1,1,28),(3970,'38','13/11/2022','16:00',15,3,0,1),(3971,'38','13/11/2022','16:00',22,4,1,29),(3972,'38','13/11/2022','16:00',16,0,1,9),(3973,'38','13/11/2022','16:00',17,2,1,18),(3974,'38','13/11/2022','16:00',14,0,4,8),(3975,'38','13/11/2022','16:00',4,3,0,3),(3976,'38','13/11/2022','16:00',11,0,1,5),(3977,'38','13/11/2022','16:00',10,0,2,2),(3978,'1','15/04/2023','16:00',3,2,1,17),(3979,'1','15/04/2023','16:00',19,0,3,5),(3980,'1','15/04/2023','18:30',1,2,1,8),(3981,'1','15/04/2023','18:30',11,2,1,10),(3982,'1','15/04/2023','18:30',15,2,0,14),(3983,'1','15/04/2023','18:30',2,1,1,4),(3984,'1','15/04/2023','21:00',9,1,2,20),(3985,'1','16/04/2023','16:00',12,3,0,18),(3986,'1','16/04/2023','16:00',16,2,1,6),(3987,'1','16/04/2023','18:30',7,1,0,10),(3988,'2','22/04/2023','16:00',5,2,0,15),(3989,'2','22/04/2023','18:30',8,3,0,19),(3990,'2','22/04/2023','18:30',17,1,1,11),(3991,'2','22/04/2023','21:00',6,1,0,7),(3992,'2','23/04/2023','11:00',4,2,1,12),(3993,'2','23/04/2023','16:00',20,2,2,3),(3994,'2','23/04/2023','16:00',10,0,0,9),(3995,'2','23/04/2023','18:30',18,0,3,2),(3996,'2','23/04/2023','19:00',14,3,1,16),(3997,'2','24/04/2023','20:00',13,1,2,1),(3998,'3','29/04/2023','16:30',18,1,1,8),(3999,'3','29/04/2023','16:30',2,4,2,5),(4000,'3','29/04/2023','18:30',3,2,1,16),(4001,'3','29/04/2023','18:30',10,3,2,19),(4002,'3','29/04/2023','18:30',11,0,3,6),(4003,'3','29/04/2023','21:00',9,2,1,15),(4004,'3','30/04/2023','16:00',12,2,3,1),(4005,'3','30/04/2023','18:30',4,1,0,14),(4006,'3','30/04/2023','18:30',17,1,2,7),(4007,'3','01/05/2023','20:00',20,0,1,13),(4008,'4','06/05/2023','16:00',6,2,1,10),(4009,'4','06/05/2023','21:00',5,1,1,20),(4010,'4','07/05/2023','11:00',19,1,2,17),(4011,'4','07/05/2023','16:00',8,2,0,4),(4012,'4','07/05/2023','16:00',15,2,1,12),(4013,'4','07/05/2023','16:00',13,3,1,18),(4014,'4','07/05/2023','18:30',1,2,0,9),(4015,'4','07/05/2023','18:30',14,0,5,3),(4016,'4','07/05/2023','18:30',7,3,3,11),(4017,'4','08/05/2023','20:00',16,1,1,2),(4018,'5','10/05/2023','19:00',10,3,0,13),(4019,'5','10/05/2023','19:00',11,2,2,19),(4020,'5','10/05/2023','19:00',4,0,2,15),(4021,'5','10/05/2023','20:00',12,2,0,14),(4022,'5','10/05/2023','20:00',17,0,4,9),(4023,'5','10/05/2023','21:30',3,4,1,7),(4024,'5','10/05/2023','21:30',6,0,2,5),(4025,'5','11/05/2023','19:00',1,3,0,16),(4026,'5','11/05/2023','19:00',18,1,1,20),(4027,'5','11/05/2023','20:00',2,0,0,8),(4028,'7','20/05/2023','16:00',11,2,0,15),(4029,'7','20/05/2023','16:00',13,1,1,14),(4030,'7','20/05/2023','16:00',19,2,1,2),(4031,'7','20/05/2023','18:30',1,1,0,5),(4032,'7','20/05/2023','18:30',8,4,2,20),(4033,'7','20/05/2023','18:30',18,1,2,9),(4034,'7','20/05/2023','21:00',10,0,0,3),(4035,'7','21/05/2023','16:00',12,1,0,16),(4036,'7','21/05/2023','18:30',7,3,1,4),(4037,'7','22/05/2023','20:00',6,0,1,17),(4038,'8','27/05/2023','16:00',2,2,0,20),(4039,'8','27/05/2023','16:00',15,1,2,7),(4040,'8','27/05/2023','18:30',12,1,1,6),(4041,'8','27/05/2023','18:30',17,1,1,18),(4042,'8','27/05/2023','21:00',8,2,1,14),(4043,'8','28/05/2023','16:00',16,2,0,5),(4044,'8','28/05/2023','16:00',4,2,0,13),(4045,'8','28/05/2023','18:30',9,1,1,3),(4046,'8','28/05/2023','18:30',11,2,0,10),(4047,'8','28/05/2023','19:00',1,2,0,19),(4048,'9','03/06/2023','16:00',15,1,0,1),(4049,'9','03/06/2023','16:00',2,0,0,13),(4050,'9','03/06/2023','18:30',20,1,4,12),(4051,'9','03/06/2023','18:30',6,0,1,9),(4052,'9','03/06/2023','18:30',19,2,0,16),(4053,'9','03/06/2023','21:00',10,1,1,4),(4054,'9','04/06/2023','16:00',5,2,1,11),(4055,'9','04/06/2023','16:00',7,2,1,8),(4056,'9','04/06/2023','18:30',3,3,1,18),(4057,'9','04/06/2023','18:30',14,0,1,17),(4068,'10','10/06/2023','16:00',18,NULL,NULL,10),(4069,'10','10/06/2023','21:00:',1,NULL,NULL,2),(4070,'10','10/06/2023','18:30',9,NULL,NULL,11),(4071,'10','10/06/2023','18:30',13,NULL,NULL,6),(4072,'10','11/06/2023','11:00',19,NULL,NULL,15),(4073,'10','11/06/2023','16:00',4,NULL,NULL,20),(4074,'10','11/06/2023','18:30',12,NULL,NULL,7),(4075,'10','11/06/2023','18:30',14,NULL,NULL,5),(4076,'10','11/06/2023','16:00',8,NULL,NULL,3),(4077,'10','10/06/2023','18:30',16,NULL,NULL,17),(4078,'11','21/06/2023','19:00',6,NULL,NULL,2),(4079,'11','21/06/2023','19:00',8,NULL,NULL,15),(4080,'11','21/06/2023','20:00',10,NULL,NULL,16),(4081,'11','21/06/2023','21:30',13,NULL,NULL,3),(4082,'11','21/06/2023','21:30',5,NULL,NULL,9),(4083,'11','22/06/2023','19:00',7,NULL,NULL,19),(4084,'11','22/06/2023','20:00',18,NULL,NULL,4),(4085,'11','22/06/2023','20:00',17,NULL,NULL,1),(4086,'11','22/06/2023','20:00',20,NULL,NULL,14),(4087,'11','22/06/2023','21:30',11,NULL,NULL,12),(4088,'12','24/06/2023','16:00',15,NULL,NULL,16),(4089,'12','24/06/2023','18:30',5,NULL,NULL,13),(4090,'12','24/06/2023','18:30',2,NULL,NULL,9),(4091,'12','24/06/2023','21:00',6,NULL,NULL,8),(4092,'12','25/06/2023','16:00',7,NULL,NULL,18),(4093,'12','25/06/2023','16:00',3,NULL,NULL,1),(4094,'12','25/06/2023','18:30',19,NULL,NULL,4),(4095,'12','25/06/2023','18:30',11,NULL,NULL,14),(4096,'12','25/06/2023','18:30',10,NULL,NULL,12),(4097,'12','26/06/2023','20:00',20,NULL,NULL,17),(4098,'13','01/07/2023','16:00',8,NULL,NULL,5),(4099,'13','01/07/2023','18:30',13,NULL,NULL,7),(4100,'13','01/07/2023','18:30',12,NULL,NULL,2),(4101,'13','01/01/2023','21:00',4,NULL,NULL,6),(4102,'13','02/07/2023','11:00',16,NULL,NULL,11),(4103,'13','02/07/2023','16:00',15,NULL,NULL,3),(4104,'13','02/07/2023','16:00',9,NULL,NULL,19),(4105,'13','02/07/2023','16:00',1,NULL,NULL,20),(4106,'13','02/07/2023','18:30',17,NULL,NULL,10),(4107,'13','03/07/2023','20:00',14,NULL,NULL,18),(4108,'6','13/05/2023','16:00',13,2,3,12),(4109,'6','13/05/2023','18:30',5,2,0,17),(4110,'6','13/05/2023','18:30',3,1,1,11),(4111,'6','13/05/2023','21:00',9,2,0,4),(4112,'6','14/05/2023','16:00',20,0,1,10),(4113,'6','14/05/2023','16:00',16,1,1,8),(4114,'6','14/05/2023','16:00',7,0,0,2),(4115,'6','14/05/2023','18:30',14,2,1,1),(4116,'6','14/05/2023','18:30',15,3,2,18),(4117,'6','14/05/2023','18:30',19,0,4,6);
/*!40000 ALTER TABLE `partidas` ENABLE KEYS */;
UNLOCK TABLES;

--
-- Table structure for table `times`
--

DROP TABLE IF EXISTS `times`;
/*!40101 SET @saved_cs_client     = @@character_set_client */;
/*!50503 SET character_set_client = utf8mb4 */;
CREATE TABLE `times` (
  `IDTIMES` int NOT NULL AUTO_INCREMENT,
  `IDNOMETIMES` varchar(50) DEFAULT NULL,
  PRIMARY KEY (`IDTIMES`)
) ENGINE=InnoDB AUTO_INCREMENT=30 DEFAULT CHARSET=utf8mb4 COLLATE=utf8mb4_0900_ai_ci;
/*!40101 SET character_set_client = @saved_cs_client */;

--
-- Dumping data for table `times`
--

LOCK TABLES `times` WRITE;
/*!40000 ALTER TABLE `times` DISABLE KEYS */;
INSERT INTO `times` VALUES (1,'Botafogo RJ'),(2,'Fortaleza CE'),(3,'Palmeiras SP'),(4,'Internacional RS'),(5,'Fluminense RJ'),(6,'Cruzeiro MG'),(7,'Grmio RS'),(8,'So Paulo SP'),(9,'Atltico MG'),(10,'Santos SP'),(11,'Red Bull Bragantino SP'),(12,'Flamengo RJ'),(13,'Bahia BA'),(14,'Gois GO'),(15,'Athletico PR'),(16,'Corinthians SP'),(17,'Cuiab MT'),(18,'Coritiba PR'),(19,'Amrica MG'),(20,'Vasco da Gama RJ'),(21,'Vitria BA'),(22,'Cear CE'),(23,'Chapecoense SC'),(24,'Sport PE'),(25,'Paran PR'),(26,'Ava SC'),(27,'CSA AL'),(28,'Atltico GO'),(29,'Juventude RS');
/*!40000 ALTER TABLE `times` ENABLE KEYS */;
UNLOCK TABLES;

--
-- Table structure for table `usuario`
--

DROP TABLE IF EXISTS `usuario`;
/*!40101 SET @saved_cs_client     = @@character_set_client */;
/*!50503 SET character_set_client = utf8mb4 */;
CREATE TABLE `usuario` (
  `IDUSUARIO` int NOT NULL AUTO_INCREMENT,
  `NOMEUSUARIO` varchar(30) NOT NULL,
  `EMAILUSUARIO` varchar(100) NOT NULL,
  `SENHAUSUARIO` varchar(30) NOT NULL,
  PRIMARY KEY (`IDUSUARIO`)
) ENGINE=InnoDB AUTO_INCREMENT=23 DEFAULT CHARSET=utf8mb4 COLLATE=utf8mb4_0900_ai_ci;
/*!40101 SET character_set_client = @saved_cs_client */;

--
-- Dumping data for table `usuario`
--

LOCK TABLES `usuario` WRITE;
/*!40000 ALTER TABLE `usuario` DISABLE KEYS */;
INSERT INTO `usuario` VALUES (1,'Novo Usurio','novo@email.com','novaSenha123'),(2,'Novo Usurio','novo@email.com','novaSenha123'),(3,'joaoricardo','joaoricardo','1234'),(5,'Lucas','Lucas@if.com','123456'),(6,'matheus','matheus@lagoa.com','123456'),(8,'Joasod','',''),(10,'jrisernhagen','joaorciardo318@gmail.com','123456'),(15,'Hallyana','','741852'),(17,'1233','','12345');
/*!40000 ALTER TABLE `usuario` ENABLE KEYS */;
UNLOCK TABLES;

--
-- Table structure for table `usuario_time`
--

DROP TABLE IF EXISTS `usuario_time`;
/*!40101 SET @saved_cs_client     = @@character_set_client */;
/*!50503 SET character_set_client = utf8mb4 */;
CREATE TABLE `usuario_time` (
  `ID_USUARIO` int NOT NULL,
  `ID_TIMES` int NOT NULL,
  KEY `ID_USUARIO` (`ID_USUARIO`),
  KEY `ID_TIMES` (`ID_TIMES`),
  CONSTRAINT `usuario_time_ibfk_1` FOREIGN KEY (`ID_USUARIO`) REFERENCES `usuario` (`IDUSUARIO`),
  CONSTRAINT `usuario_time_ibfk_2` FOREIGN KEY (`ID_TIMES`) REFERENCES `times` (`IDTIMES`)
) ENGINE=InnoDB DEFAULT CHARSET=utf8mb4 COLLATE=utf8mb4_0900_ai_ci;
/*!40101 SET character_set_client = @saved_cs_client */;

--
-- Dumping data for table `usuario_time`
--

LOCK TABLES `usuario_time` WRITE;
/*!40000 ALTER TABLE `usuario_time` DISABLE KEYS */;
/*!40000 ALTER TABLE `usuario_time` ENABLE KEYS */;
UNLOCK TABLES;
/*!40103 SET TIME_ZONE=@OLD_TIME_ZONE */;

/*!40101 SET SQL_MODE=@OLD_SQL_MODE */;
/*!40014 SET FOREIGN_KEY_CHECKS=@OLD_FOREIGN_KEY_CHECKS */;
/*!40014 SET UNIQUE_CHECKS=@OLD_UNIQUE_CHECKS */;
/*!40101 SET CHARACTER_SET_CLIENT=@OLD_CHARACTER_SET_CLIENT */;
/*!40101 SET CHARACTER_SET_RESULTS=@OLD_CHARACTER_SET_RESULTS */;
/*!40101 SET COLLATION_CONNECTION=@OLD_COLLATION_CONNECTION */;
/*!40111 SET SQL_NOTES=@OLD_SQL_NOTES */;

-- Dump completed on 2023-06-23 16:29:42
